2024/12/04 10:18:20 [notice] 1#1: using the "epoll" event method
2024/12/04 10:18:20 [notice] 1#1: nginx/1.27.2
2024/12/04 10:18:20 [notice] 1#1: built by gcc 12.2.0 (Debian 12.2.0-14) 
2024/12/04 10:18:20 [notice] 1#1: OS: Linux 6.6.26-linuxkit
2024/12/04 10:18:20 [notice] 1#1: getrlimit(RLIMIT_NOFILE): 1048576:1048576
2024/12/04 10:18:20 [notice] 1#1: start worker processes
2024/12/04 10:18:20 [notice] 1#1: start worker process 28
2024/12/04 10:18:20 [notice] 1#1: start worker process 29
2024/12/04 10:18:20 [notice] 1#1: start worker process 30
2024/12/04 10:18:20 [notice] 1#1: start worker process 31
2024/12/04 10:18:20 [notice] 1#1: start worker process 32
2024/12/04 10:18:20 [notice] 1#1: start worker process 33
2024/12/04 10:18:20 [notice] 1#1: start worker process 34
2024/12/04 10:18:20 [notice] 1#1: start worker process 35
2024/12/10 01:25:17 [notice] 1#1: signal 3 (SIGQUIT) received, shutting down
2024/12/10 01:25:17 [notice] 33#33: gracefully shutting down
2024/12/10 01:25:17 [notice] 33#33: exiting
2024/12/10 01:25:17 [notice] 35#35: gracefully shutting down
2024/12/10 01:25:17 [notice] 28#28: gracefully shutting down
2024/12/10 01:25:17 [notice] 35#35: exiting
2024/12/10 01:25:17 [notice] 30#30: gracefully shutting down
2024/12/10 01:25:17 [notice] 35#35: exit
2024/12/10 01:25:17 [notice] 30#30: exiting
2024/12/10 01:25:17 [notice] 30#30: exit
2024/12/10 01:25:17 [notice] 32#32: gracefully shutting down
2024/12/10 01:25:17 [notice] 32#32: exiting
2024/12/10 01:25:17 [notice] 34#34: gracefully shutting down
2024/12/10 01:25:17 [notice] 34#34: exiting
2024/12/10 01:25:17 [notice] 31#31: gracefully shutting down
2024/12/10 01:25:17 [notice] 31#31: exiting
2024/12/10 01:25:17 [notice] 29#29: gracefully shutting down
2024/12/10 01:25:17 [notice] 28#28: exiting
2024/12/10 01:25:17 [notice] 33#33: exit
2024/12/10 01:25:17 [notice] 32#32: exit
2024/12/10 01:25:17 [notice] 29#29: exiting
2024/12/10 01:25:17 [notice] 34#34: exit
2024/12/10 01:25:17 [notice] 31#31: exit
2024/12/10 01:25:17 [notice] 28#28: exit
2024/12/10 01:25:17 [notice] 29#29: exit
2024/12/10 01:25:17 [notice] 1#1: signal 17 (SIGCHLD) received from 30
2024/12/10 01:25:17 [notice] 1#1: worker process 30 exited with code 0
2024/12/10 01:25:17 [notice] 1#1: worker process 35 exited with code 0
2024/12/10 01:25:17 [notice] 1#1: signal 29 (SIGIO) received
2024/12/10 01:25:17 [notice] 1#1: signal 17 (SIGCHLD) received from 35
2024/12/10 01:25:17 [notice] 1#1: worker process 28 exited with code 0
2024/12/10 01:25:17 [notice] 1#1: worker process 31 exited with code 0
2024/12/10 01:25:17 [notice] 1#1: worker process 32 exited with code 0
2024/12/10 01:25:17 [notice] 1#1: worker process 33 exited with code 0
2024/12/10 01:25:17 [notice] 1#1: worker process 29 exited with code 0
2024/12/10 01:25:17 [notice] 1#1: worker process 34 exited with code 0
2024/12/10 01:25:17 [notice] 1#1: exit
2024/12/12 02:09:12 [notice] 1#1: using the "epoll" event method
2024/12/12 02:09:12 [notice] 1#1: nginx/1.27.2
2024/12/12 02:09:12 [notice] 1#1: built by gcc 12.2.0 (Debian 12.2.0-14) 
2024/12/12 02:09:12 [notice] 1#1: OS: Linux 6.6.26-linuxkit
2024/12/12 02:09:12 [notice] 1#1: getrlimit(RLIMIT_NOFILE): 1048576:1048576
2024/12/12 02:09:12 [notice] 1#1: start worker processes
2024/12/12 02:09:12 [notice] 1#1: start worker process 27
2024/12/12 02:09:12 [notice] 1#1: start worker process 28
2024/12/12 02:09:12 [notice] 1#1: start worker process 29
2024/12/12 02:09:12 [notice] 1#1: start worker process 30
2024/12/12 02:09:12 [notice] 1#1: start worker process 31
2024/12/12 02:09:12 [notice] 1#1: start worker process 32
2024/12/12 02:09:12 [notice] 1#1: start worker process 33
2024/12/12 02:09:12 [notice] 1#1: start worker process 34
2024/12/25 08:07:44 [notice] 1#1: signal 3 (SIGQUIT) received, shutting down
2024/12/25 08:07:44 [notice] 31#31: gracefully shutting down
2024/12/25 08:07:44 [notice] 29#29: gracefully shutting down
2024/12/25 08:07:44 [notice] 29#29: exiting
2024/12/25 08:07:44 [notice] 30#30: gracefully shutting down
2024/12/25 08:07:44 [notice] 30#30: exiting
2024/12/25 08:07:44 [notice] 27#27: gracefully shutting down
2024/12/25 08:07:44 [notice] 27#27: exiting
2024/12/25 08:07:44 [notice] 28#28: gracefully shutting down
2024/12/25 08:07:44 [notice] 28#28: exiting
2024/12/25 08:07:44 [notice] 31#31: exiting
2024/12/25 08:07:44 [notice] 33#33: gracefully shutting down
2024/12/25 08:07:44 [notice] 33#33: exiting
2024/12/25 08:07:44 [notice] 32#32: gracefully shutting down
2024/12/25 08:07:44 [notice] 32#32: exiting
2024/12/25 08:07:44 [notice] 34#34: gracefully shutting down
2024/12/25 08:07:44 [notice] 34#34: exiting
2024/12/25 08:07:44 [notice] 34#34: exit
2024/12/25 08:07:44 [notice] 30#30: exit
2024/12/25 08:07:44 [notice] 29#29: exit
2024/12/25 08:07:44 [notice] 27#27: exit
2024/12/25 08:07:44 [notice] 28#28: exit
2024/12/25 08:07:44 [notice] 31#31: exit
2024/12/25 08:07:44 [notice] 33#33: exit
2024/12/25 08:07:44 [notice] 32#32: exit
2024/12/25 08:07:44 [notice] 1#1: signal 17 (SIGCHLD) received from 28
2024/12/25 08:07:44 [notice] 1#1: worker process 28 exited with code 0
2024/12/25 08:07:44 [notice] 1#1: worker process 29 exited with code 0
2024/12/25 08:07:44 [notice] 1#1: worker process 30 exited with code 0
2024/12/25 08:07:44 [notice] 1#1: worker process 31 exited with code 0
2024/12/25 08:07:44 [notice] 1#1: worker process 34 exited with code 0
2024/12/25 08:07:44 [notice] 1#1: signal 29 (SIGIO) received
2024/12/25 08:07:44 [notice] 1#1: signal 17 (SIGCHLD) received from 30
2024/12/25 08:07:44 [notice] 1#1: signal 17 (SIGCHLD) received from 33
2024/12/25 08:07:44 [notice] 1#1: worker process 33 exited with code 0
2024/12/25 08:07:44 [notice] 1#1: worker process 27 exited with code 0
2024/12/25 08:07:44 [notice] 1#1: worker process 32 exited with code 0
2024/12/25 08:07:44 [notice] 1#1: exit
2024/12/26 03:08:02 [notice] 1#1: using the "epoll" event method
2024/12/26 03:08:02 [notice] 1#1: nginx/1.27.2
2024/12/26 03:08:02 [notice] 1#1: built by gcc 12.2.0 (Debian 12.2.0-14) 
2024/12/26 03:08:02 [notice] 1#1: OS: Linux 6.6.26-linuxkit
2024/12/26 03:08:02 [notice] 1#1: getrlimit(RLIMIT_NOFILE): 1048576:1048576
2024/12/26 03:08:02 [notice] 1#1: start worker processes
2024/12/26 03:08:02 [notice] 1#1: start worker process 28
2024/12/26 03:08:02 [notice] 1#1: start worker process 29
2024/12/26 03:08:02 [notice] 1#1: start worker process 30
2024/12/26 03:08:02 [notice] 1#1: start worker process 31
2024/12/26 03:08:02 [notice] 1#1: start worker process 32
2024/12/26 03:08:02 [notice] 1#1: start worker process 33
2024/12/26 03:08:02 [notice] 1#1: start worker process 34
2024/12/26 03:08:02 [notice] 1#1: start worker process 35
2024/12/30 03:02:29 [error] 28#28: *1 open() "/var/www/html/phpmyadmin" failed (2: No such file or directory), client: 192.168.65.1, server: localhost, request: "GET /phpmyadmin HTTP/1.1", host: "localhost"
2024/12/30 03:02:29 [error] 28#28: *1 open() "/var/www/html/favicon.ico" failed (2: No such file or directory), client: 192.168.65.1, server: localhost, request: "GET /favicon.ico HTTP/1.1", host: "localhost", referrer: "http://localhost/phpmyadmin"
2025/01/06 03:32:03 [notice] 1#1: signal 3 (SIGQUIT) received, shutting down
2025/01/06 03:32:03 [notice] 29#29: gracefully shutting down
2025/01/06 03:32:03 [notice] 29#29: exiting
2025/01/06 03:32:03 [notice] 28#28: gracefully shutting down
2025/01/06 03:32:03 [notice] 28#28: exiting
2025/01/06 03:32:03 [notice] 31#31: gracefully shutting down
2025/01/06 03:32:03 [notice] 34#34: gracefully shutting down
2025/01/06 03:32:03 [notice] 34#34: exiting
2025/01/06 03:32:03 [notice] 34#34: exit
2025/01/06 03:32:03 [notice] 33#33: gracefully shutting down
2025/01/06 03:32:03 [notice] 32#32: gracefully shutting down
2025/01/06 03:32:03 [notice] 35#35: gracefully shutting down
2025/01/06 03:32:03 [notice] 35#35: exiting
2025/01/06 03:32:03 [notice] 30#30: gracefully shutting down
2025/01/06 03:32:03 [notice] 31#31: exiting
2025/01/06 03:32:03 [notice] 31#31: exit
2025/01/06 03:32:03 [notice] 28#28: exit
2025/01/06 03:32:03 [notice] 29#29: exit
2025/01/06 03:32:03 [notice] 33#33: exiting
2025/01/06 03:32:03 [notice] 33#33: exit
2025/01/06 03:32:03 [notice] 32#32: exiting
2025/01/06 03:32:03 [notice] 32#32: exit
2025/01/06 03:32:03 [notice] 35#35: exit
2025/01/06 03:32:03 [notice] 30#30: exiting
2025/01/06 03:32:03 [notice] 30#30: exit
2025/01/06 03:32:03 [notice] 1#1: signal 17 (SIGCHLD) received from 29
2025/01/06 03:32:03 [notice] 1#1: worker process 29 exited with code 0
2025/01/06 03:32:03 [notice] 1#1: worker process 32 exited with code 0
2025/01/06 03:32:03 [notice] 1#1: worker process 31 exited with code 0
2025/01/06 03:32:03 [notice] 1#1: worker process 33 exited with code 0
2025/01/06 03:32:03 [notice] 1#1: worker process 34 exited with code 0
2025/01/06 03:32:03 [notice] 1#1: worker process 28 exited with code 0
2025/01/06 03:32:03 [notice] 1#1: worker process 35 exited with code 0
2025/01/06 03:32:03 [notice] 1#1: signal 29 (SIGIO) received
2025/01/06 03:32:03 [notice] 1#1: signal 17 (SIGCHLD) received from 33
2025/01/06 03:32:03 [notice] 1#1: signal 17 (SIGCHLD) received from 30
2025/01/06 03:32:03 [notice] 1#1: worker process 30 exited with code 0
2025/01/06 03:32:03 [notice] 1#1: exit
2025/01/06 03:32:20 [notice] 1#1: using the "epoll" event method
2025/01/06 03:32:20 [notice] 1#1: nginx/1.27.2
2025/01/06 03:32:20 [notice] 1#1: built by gcc 12.2.0 (Debian 12.2.0-14) 
2025/01/06 03:32:20 [notice] 1#1: OS: Linux 6.6.26-linuxkit
2025/01/06 03:32:20 [notice] 1#1: getrlimit(RLIMIT_NOFILE): 1048576:1048576
2025/01/06 03:32:20 [notice] 1#1: start worker processes
2025/01/06 03:32:20 [notice] 1#1: start worker process 28
2025/01/06 03:32:20 [notice] 1#1: start worker process 29
2025/01/06 03:32:20 [notice] 1#1: start worker process 30
2025/01/06 03:32:20 [notice] 1#1: start worker process 31
2025/01/06 03:32:20 [notice] 1#1: start worker process 32
2025/01/06 03:32:20 [notice] 1#1: start worker process 33
2025/01/06 03:32:20 [notice] 1#1: start worker process 34
2025/01/06 03:32:20 [notice] 1#1: start worker process 35
2025/01/08 02:43:38 [notice] 1#1: signal 3 (SIGQUIT) received, shutting down
2025/01/08 02:43:38 [notice] 29#29: gracefully shutting down
2025/01/08 02:43:38 [notice] 28#28: gracefully shutting down
2025/01/08 02:43:38 [notice] 34#34: gracefully shutting down
2025/01/08 02:43:38 [notice] 31#31: gracefully shutting down
2025/01/08 02:43:38 [notice] 29#29: exiting
2025/01/08 02:43:38 [notice] 34#34: exiting
2025/01/08 02:43:38 [notice] 35#35: gracefully shutting down
2025/01/08 02:43:38 [notice] 32#32: gracefully shutting down
2025/01/08 02:43:38 [notice] 33#33: gracefully shutting down
2025/01/08 02:43:38 [notice] 28#28: exiting
2025/01/08 02:43:38 [notice] 30#30: gracefully shutting down
2025/01/08 02:43:38 [notice] 31#31: exiting
2025/01/08 02:43:38 [notice] 29#29: exit
2025/01/08 02:43:38 [notice] 34#34: exit
2025/01/08 02:43:38 [notice] 35#35: exiting
2025/01/08 02:43:38 [notice] 35#35: exit
2025/01/08 02:43:38 [notice] 32#32: exiting
2025/01/08 02:43:38 [notice] 32#32: exit
2025/01/08 02:43:38 [notice] 28#28: exit
2025/01/08 02:43:38 [notice] 30#30: exiting
2025/01/08 02:43:38 [notice] 30#30: exit
2025/01/08 02:43:38 [notice] 31#31: exit
2025/01/08 02:43:38 [notice] 33#33: exiting
2025/01/08 02:43:38 [notice] 33#33: exit
2025/01/08 02:43:38 [notice] 1#1: signal 17 (SIGCHLD) received from 35
2025/01/08 02:43:38 [notice] 1#1: worker process 28 exited with code 0
2025/01/08 02:43:38 [notice] 1#1: worker process 34 exited with code 0
2025/01/08 02:43:38 [notice] 1#1: worker process 35 exited with code 0
2025/01/08 02:43:38 [notice] 1#1: signal 29 (SIGIO) received
2025/01/08 02:43:38 [notice] 1#1: signal 17 (SIGCHLD) received from 31
2025/01/08 02:43:38 [notice] 1#1: worker process 29 exited with code 0
2025/01/08 02:43:38 [notice] 1#1: worker process 30 exited with code 0
2025/01/08 02:43:38 [notice] 1#1: worker process 31 exited with code 0
2025/01/08 02:43:38 [notice] 1#1: worker process 32 exited with code 0
2025/01/08 02:43:38 [notice] 1#1: signal 17 (SIGCHLD) received from 30
2025/01/08 02:43:38 [notice] 1#1: worker process 33 exited with code 0
2025/01/08 02:43:38 [notice] 1#1: signal 17 (SIGCHLD) received from 33
2025/01/08 02:43:38 [alert] 1#1: unlink() "/var/run/nginx.pid" failed (30: Read-only file system)
2025/01/08 02:43:38 [notice] 1#1: exit
2025/01/08 02:44:15 [notice] 1#1: using the "epoll" event method
2025/01/08 02:44:15 [notice] 1#1: nginx/1.27.2
2025/01/08 02:44:15 [notice] 1#1: built by gcc 12.2.0 (Debian 12.2.0-14) 
2025/01/08 02:44:15 [notice] 1#1: OS: Linux 6.6.26-linuxkit
2025/01/08 02:44:15 [notice] 1#1: getrlimit(RLIMIT_NOFILE): 1048576:1048576
2025/01/08 02:44:15 [notice] 1#1: start worker processes
2025/01/08 02:44:15 [notice] 1#1: start worker process 28
2025/01/08 02:44:15 [notice] 1#1: start worker process 29
2025/01/08 02:44:15 [notice] 1#1: start worker process 30
2025/01/08 02:44:15 [notice] 1#1: start worker process 31
2025/01/08 02:44:15 [notice] 1#1: start worker process 32
2025/01/08 02:44:15 [notice] 1#1: start worker process 33
2025/01/08 02:44:15 [notice] 1#1: start worker process 34
2025/01/08 02:44:15 [notice] 1#1: start worker process 35
2025/01/08 06:57:33 [error] 28#28: *1 open() "/var/www/html/phpmyadmin" failed (2: No such file or directory), client: 192.168.65.1, server: localhost, request: "GET /phpmyadmin HTTP/1.1", host: "localhost"
2025/01/08 06:57:33 [error] 28#28: *1 open() "/var/www/html/favicon.ico" failed (2: No such file or directory), client: 192.168.65.1, server: localhost, request: "GET /favicon.ico HTTP/1.1", host: "localhost", referrer: "http://localhost/phpmyadmin"
2025/01/09 02:24:39 [notice] 1#1: using the "epoll" event method
2025/01/09 02:24:39 [notice] 1#1: nginx/1.27.2
2025/01/09 02:24:39 [notice] 1#1: built by gcc 12.2.0 (Debian 12.2.0-14) 
2025/01/09 02:24:39 [notice] 1#1: OS: Linux 6.10.14-linuxkit
2025/01/09 02:24:39 [notice] 1#1: getrlimit(RLIMIT_NOFILE): 1048576:1048576
2025/01/09 02:24:39 [notice] 1#1: start worker processes
2025/01/09 02:24:39 [notice] 1#1: start worker process 28
2025/01/09 02:24:39 [notice] 1#1: start worker process 29
2025/01/09 02:24:39 [notice] 1#1: start worker process 30
2025/01/09 02:24:39 [notice] 1#1: start worker process 31
2025/01/09 02:24:39 [notice] 1#1: start worker process 32
2025/01/09 02:24:39 [notice] 1#1: start worker process 33
2025/01/09 02:24:39 [notice] 1#1: start worker process 34
2025/01/09 02:24:39 [notice] 1#1: start worker process 35
2025/01/11 18:50:21 [notice] 1#1: signal 3 (SIGQUIT) received, shutting down
2025/01/11 18:50:21 [notice] 30#30: gracefully shutting down
2025/01/11 18:50:21 [notice] 30#30: exiting
2025/01/11 18:50:21 [notice] 35#35: gracefully shutting down
2025/01/11 18:50:21 [notice] 33#33: gracefully shutting down
2025/01/11 18:50:21 [notice] 33#33: exiting
2025/01/11 18:50:21 [notice] 29#29: gracefully shutting down
2025/01/11 18:50:21 [notice] 31#31: gracefully shutting down
2025/01/11 18:50:21 [notice] 29#29: exiting
2025/01/11 18:50:21 [notice] 28#28: gracefully shutting down
2025/01/11 18:50:21 [notice] 32#32: gracefully shutting down
2025/01/11 18:50:21 [notice] 34#34: gracefully shutting down
2025/01/11 18:50:21 [notice] 34#34: exiting
2025/01/11 18:50:21 [notice] 34#34: exit
2025/01/11 18:50:21 [notice] 33#33: exit
2025/01/11 18:50:21 [notice] 31#31: exiting
2025/01/11 18:50:21 [notice] 31#31: exit
2025/01/11 18:50:21 [notice] 30#30: exit
2025/01/11 18:50:21 [notice] 35#35: exiting
2025/01/11 18:50:21 [notice] 35#35: exit
2025/01/11 18:50:21 [notice] 29#29: exit
2025/01/11 18:50:21 [notice] 28#28: exiting
2025/01/11 18:50:21 [notice] 32#32: exiting
2025/01/11 18:50:21 [notice] 28#28: exit
2025/01/11 18:50:21 [notice] 32#32: exit
2025/01/11 18:50:21 [notice] 1#1: signal 17 (SIGCHLD) received from 29
2025/01/11 18:50:21 [notice] 1#1: worker process 29 exited with code 0
2025/01/11 18:50:21 [notice] 1#1: worker process 30 exited with code 0
2025/01/11 18:50:21 [notice] 1#1: worker process 31 exited with code 0
2025/01/11 18:50:21 [notice] 1#1: worker process 33 exited with code 0
2025/01/11 18:50:21 [notice] 1#1: worker process 34 exited with code 0
2025/01/11 18:50:21 [notice] 1#1: worker process 35 exited with code 0
2025/01/11 18:50:21 [notice] 1#1: signal 29 (SIGIO) received
2025/01/11 18:50:21 [notice] 1#1: signal 17 (SIGCHLD) received from 30
2025/01/11 18:50:21 [notice] 1#1: signal 17 (SIGCHLD) received from 32
2025/01/11 18:50:21 [notice] 1#1: worker process 28 exited with code 0
2025/01/11 18:50:21 [notice] 1#1: worker process 32 exited with code 0
2025/01/11 18:50:21 [notice] 1#1: exit
2025/01/13 08:23:22 [notice] 1#1: using the "epoll" event method
2025/01/13 08:23:22 [notice] 1#1: nginx/1.27.2
2025/01/13 08:23:22 [notice] 1#1: built by gcc 12.2.0 (Debian 12.2.0-14) 
2025/01/13 08:23:22 [notice] 1#1: OS: Linux 6.10.14-linuxkit
2025/01/13 08:23:22 [notice] 1#1: getrlimit(RLIMIT_NOFILE): 1048576:1048576
2025/01/13 08:23:22 [notice] 1#1: start worker processes
2025/01/13 08:23:22 [notice] 1#1: start worker process 28
2025/01/13 08:23:22 [notice] 1#1: start worker process 29
2025/01/13 08:23:22 [notice] 1#1: start worker process 30
2025/01/13 08:23:22 [notice] 1#1: start worker process 31
2025/01/13 08:23:22 [notice] 1#1: start worker process 32
2025/01/13 08:23:22 [notice] 1#1: start worker process 33
2025/01/13 08:23:22 [notice] 1#1: start worker process 34
2025/01/13 08:23:22 [notice] 1#1: start worker process 35
2025/01/20 06:37:05 [error] 29#29: *2 open() "/var/www/html/phpmyadmin" failed (2: No such file or directory), client: 172.20.0.1, server: localhost, request: "GET /phpmyadmin HTTP/1.1", host: "localhost"
2025/01/20 06:37:05 [error] 29#29: *2 open() "/var/www/html/favicon.ico" failed (2: No such file or directory), client: 172.20.0.1, server: localhost, request: "GET /favicon.ico HTTP/1.1", host: "localhost", referrer: "http://localhost/phpmyadmin"
2025/01/22 02:01:02 [notice] 1#1: using the "epoll" event method
2025/01/22 02:01:02 [notice] 1#1: nginx/1.27.2
2025/01/22 02:01:02 [notice] 1#1: built by gcc 12.2.0 (Debian 12.2.0-14) 
2025/01/22 02:01:02 [notice] 1#1: OS: Linux 6.10.14-linuxkit
2025/01/22 02:01:02 [notice] 1#1: getrlimit(RLIMIT_NOFILE): 1048576:1048576
2025/01/22 02:01:02 [notice] 1#1: start worker processes
2025/01/22 02:01:02 [notice] 1#1: start worker process 27
2025/01/22 02:01:02 [notice] 1#1: start worker process 28
2025/01/22 02:01:02 [notice] 1#1: start worker process 29
2025/01/22 02:01:02 [notice] 1#1: start worker process 30
2025/01/22 02:01:02 [notice] 1#1: start worker process 31
2025/01/22 02:01:02 [notice] 1#1: start worker process 32
2025/01/22 02:01:02 [notice] 1#1: start worker process 33
2025/01/22 02:01:02 [notice] 1#1: start worker process 34
2025/01/22 02:32:27 [notice] 1#1: signal 3 (SIGQUIT) received, shutting down
2025/01/22 02:32:27 [notice] 28#28: gracefully shutting down
2025/01/22 02:32:27 [notice] 30#30: gracefully shutting down
2025/01/22 02:32:27 [notice] 29#29: gracefully shutting down
2025/01/22 02:32:27 [notice] 34#34: gracefully shutting down
2025/01/22 02:32:27 [notice] 27#27: gracefully shutting down
2025/01/22 02:32:27 [notice] 32#32: gracefully shutting down
2025/01/22 02:32:27 [notice] 33#33: gracefully shutting down
2025/01/22 02:32:27 [notice] 31#31: gracefully shutting down
2025/01/22 02:32:27 [notice] 28#28: exiting
2025/01/22 02:32:27 [notice] 29#29: exiting
2025/01/22 02:32:27 [notice] 30#30: exiting
2025/01/22 02:32:27 [notice] 34#34: exiting
2025/01/22 02:32:27 [notice] 30#30: exit
2025/01/22 02:32:27 [notice] 32#32: exiting
2025/01/22 02:32:27 [notice] 27#27: exiting
2025/01/22 02:32:27 [notice] 33#33: exiting
2025/01/22 02:32:27 [notice] 31#31: exiting
2025/01/22 02:32:27 [notice] 29#29: exit
2025/01/22 02:32:27 [notice] 28#28: exit
2025/01/22 02:32:27 [notice] 34#34: exit
2025/01/22 02:32:27 [notice] 32#32: exit
2025/01/22 02:32:27 [notice] 27#27: exit
2025/01/22 02:32:27 [notice] 33#33: exit
2025/01/22 02:32:27 [notice] 31#31: exit
2025/01/22 02:32:27 [notice] 1#1: signal 17 (SIGCHLD) received from 27
2025/01/22 02:32:27 [notice] 1#1: worker process 27 exited with code 0
2025/01/22 02:32:27 [notice] 1#1: worker process 29 exited with code 0
2025/01/22 02:32:27 [notice] 1#1: worker process 33 exited with code 0
2025/01/22 02:32:27 [notice] 1#1: signal 29 (SIGIO) received
2025/01/22 02:32:27 [notice] 1#1: signal 17 (SIGCHLD) received from 29
2025/01/22 02:32:27 [notice] 1#1: signal 17 (SIGCHLD) received from 34
2025/01/22 02:32:27 [notice] 1#1: worker process 28 exited with code 0
2025/01/22 02:32:27 [notice] 1#1: worker process 30 exited with code 0
2025/01/22 02:32:27 [notice] 1#1: worker process 32 exited with code 0
2025/01/22 02:32:27 [notice] 1#1: worker process 34 exited with code 0
2025/01/22 02:32:27 [notice] 1#1: signal 29 (SIGIO) received
2025/01/22 02:32:27 [notice] 1#1: signal 17 (SIGCHLD) received from 28
2025/01/22 02:32:27 [notice] 1#1: signal 17 (SIGCHLD) received from 31
2025/01/22 02:32:27 [notice] 1#1: worker process 31 exited with code 0
2025/01/22 02:32:27 [notice] 1#1: exit
2025/01/22 02:36:59 [notice] 1#1: using the "epoll" event method
2025/01/22 02:36:59 [notice] 1#1: nginx/1.27.2
2025/01/22 02:36:59 [notice] 1#1: built by gcc 12.2.0 (Debian 12.2.0-14) 
2025/01/22 02:36:59 [notice] 1#1: OS: Linux 6.10.14-linuxkit
2025/01/22 02:36:59 [notice] 1#1: getrlimit(RLIMIT_NOFILE): 1048576:1048576
2025/01/22 02:36:59 [notice] 1#1: start worker processes
2025/01/22 02:36:59 [notice] 1#1: start worker process 28
2025/01/22 02:36:59 [notice] 1#1: start worker process 29
2025/01/22 02:36:59 [notice] 1#1: start worker process 30
2025/01/22 02:36:59 [notice] 1#1: start worker process 31
2025/01/22 02:36:59 [notice] 1#1: start worker process 32
2025/01/22 02:36:59 [notice] 1#1: start worker process 33
2025/01/22 02:36:59 [notice] 1#1: start worker process 34
2025/01/22 02:36:59 [notice] 1#1: start worker process 35
2025/01/23 18:29:41 [error] 28#28: *1 open() "/var/www/html/phpmyadmin" failed (2: No such file or directory), client: 172.20.0.1, server: localhost, request: "GET /phpmyadmin HTTP/1.1", host: "localhost"
2025/01/23 18:29:41 [error] 28#28: *1 open() "/var/www/html/favicon.ico" failed (2: No such file or directory), client: 172.20.0.1, server: localhost, request: "GET /favicon.ico HTTP/1.1", host: "localhost", referrer: "http://localhost/phpmyadmin"
2025/01/30 02:11:02 [notice] 1#1: using the "epoll" event method
2025/01/30 02:11:02 [notice] 1#1: nginx/1.27.2
2025/01/30 02:11:02 [notice] 1#1: built by gcc 12.2.0 (Debian 12.2.0-14) 
2025/01/30 02:11:02 [notice] 1#1: OS: Linux 6.10.14-linuxkit
2025/01/30 02:11:02 [notice] 1#1: getrlimit(RLIMIT_NOFILE): 1048576:1048576
2025/01/30 02:11:02 [notice] 1#1: start worker processes
2025/01/30 02:11:02 [notice] 1#1: start worker process 27
2025/01/30 02:11:02 [notice] 1#1: start worker process 28
2025/01/30 02:11:02 [notice] 1#1: start worker process 29
2025/01/30 02:11:02 [notice] 1#1: start worker process 30
2025/01/30 02:11:02 [notice] 1#1: start worker process 31
2025/01/30 02:11:02 [notice] 1#1: start worker process 32
2025/01/30 02:11:02 [notice] 1#1: start worker process 33
2025/01/30 02:11:02 [notice] 1#1: start worker process 34
2025/02/03 06:09:16 [error] 27#27: *1 open() "/var/www/html/phpmyadmin" failed (2: No such file or directory), client: 172.20.0.1, server: localhost, request: "GET /phpmyadmin HTTP/1.1", host: "localhost"
2025/02/03 06:09:16 [error] 27#27: *1 open() "/var/www/html/favicon.ico" failed (2: No such file or directory), client: 172.20.0.1, server: localhost, request: "GET /favicon.ico HTTP/1.1", host: "localhost", referrer: "http://localhost/phpmyadmin"
2025/02/03 06:10:31 [error] 29#29: *4 open() "/var/www/html/phpmyadmin" failed (2: No such file or directory), client: 172.20.0.1, server: localhost, request: "GET /phpmyadmin HTTP/1.1", host: "localhost"
2025/02/03 06:14:50 [error] 30#30: *6 open() "/var/www/html/phpmyadmin" failed (2: No such file or directory), client: 172.20.0.1, server: localhost, request: "GET /phpmyadmin HTTP/1.1", host: "localhost"
2025/02/07 03:27:26 [notice] 1#1: using the "epoll" event method
2025/02/07 03:27:26 [notice] 1#1: nginx/1.27.2
2025/02/07 03:27:26 [notice] 1#1: built by gcc 12.2.0 (Debian 12.2.0-14) 
2025/02/07 03:27:26 [notice] 1#1: OS: Linux 6.10.14-linuxkit
2025/02/07 03:27:26 [notice] 1#1: getrlimit(RLIMIT_NOFILE): 1048576:1048576
2025/02/07 03:27:26 [notice] 1#1: start worker processes
2025/02/07 03:27:26 [notice] 1#1: start worker process 28
2025/02/07 03:27:26 [notice] 1#1: start worker process 29
2025/02/07 03:27:26 [notice] 1#1: start worker process 30
2025/02/07 03:27:26 [notice] 1#1: start worker process 31
2025/02/07 03:27:26 [notice] 1#1: start worker process 32
2025/02/07 03:27:26 [notice] 1#1: start worker process 33
2025/02/07 03:27:26 [notice] 1#1: start worker process 34
2025/02/07 03:27:26 [notice] 1#1: start worker process 35
2025/02/10 03:57:06 [notice] 1#1: using the "epoll" event method
2025/02/10 03:57:06 [notice] 1#1: nginx/1.27.2
2025/02/10 03:57:06 [notice] 1#1: built by gcc 12.2.0 (Debian 12.2.0-14) 
2025/02/10 03:57:06 [notice] 1#1: OS: Linux 6.10.14-linuxkit
2025/02/10 03:57:06 [notice] 1#1: getrlimit(RLIMIT_NOFILE): 1048576:1048576
2025/02/10 03:57:06 [notice] 1#1: start worker processes
2025/02/10 03:57:06 [notice] 1#1: start worker process 28
2025/02/10 03:57:06 [notice] 1#1: start worker process 29
2025/02/10 03:57:06 [notice] 1#1: start worker process 30
2025/02/10 03:57:06 [notice] 1#1: start worker process 31
2025/02/10 03:57:06 [notice] 1#1: start worker process 32
2025/02/10 03:57:06 [notice] 1#1: start worker process 33
2025/02/10 03:57:06 [notice] 1#1: start worker process 34
2025/02/10 03:57:06 [notice] 1#1: start worker process 35
2025/02/12 04:27:17 [notice] 1#1: using the "epoll" event method
2025/02/12 04:27:17 [notice] 1#1: nginx/1.27.2
2025/02/12 04:27:17 [notice] 1#1: built by gcc 12.2.0 (Debian 12.2.0-14) 
2025/02/12 04:27:17 [notice] 1#1: OS: Linux 6.10.14-linuxkit
2025/02/12 04:27:17 [notice] 1#1: getrlimit(RLIMIT_NOFILE): 1048576:1048576
2025/02/12 04:27:17 [notice] 1#1: start worker processes
2025/02/12 04:27:17 [notice] 1#1: start worker process 28
2025/02/12 04:27:17 [notice] 1#1: start worker process 29
2025/02/12 04:27:17 [notice] 1#1: start worker process 30
2025/02/12 04:27:17 [notice] 1#1: start worker process 31
2025/02/12 04:27:17 [notice] 1#1: start worker process 32
2025/02/12 04:27:17 [notice] 1#1: start worker process 33
2025/02/12 04:27:17 [notice] 1#1: start worker process 34
2025/02/12 04:27:17 [notice] 1#1: start worker process 35
2025/02/14 07:20:07 [error] 29#29: *3 open() "/var/www/html/phpmyadmin" failed (2: No such file or directory), client: 172.20.0.1, server: localhost, request: "GET /phpmyadmin HTTP/1.1", host: "localhost"
2025/02/14 07:20:07 [error] 29#29: *3 open() "/var/www/html/favicon.ico" failed (2: No such file or directory), client: 172.20.0.1, server: localhost, request: "GET /favicon.ico HTTP/1.1", host: "localhost", referrer: "http://localhost/phpmyadmin"
2025/02/18 01:42:58 [notice] 1#1: using the "epoll" event method
2025/02/18 01:42:58 [notice] 1#1: nginx/1.27.2
2025/02/18 01:42:58 [notice] 1#1: built by gcc 12.2.0 (Debian 12.2.0-14) 
2025/02/18 01:42:58 [notice] 1#1: OS: Linux 6.10.14-linuxkit
2025/02/18 01:42:58 [notice] 1#1: getrlimit(RLIMIT_NOFILE): 1048576:1048576
2025/02/18 01:42:58 [notice] 1#1: start worker processes
2025/02/18 01:42:58 [notice] 1#1: start worker process 28
2025/02/18 01:42:58 [notice] 1#1: start worker process 29
2025/02/18 01:42:58 [notice] 1#1: start worker process 30
2025/02/18 01:42:58 [notice] 1#1: start worker process 31
2025/02/18 01:42:58 [notice] 1#1: start worker process 32
2025/02/18 01:42:58 [notice] 1#1: start worker process 33
2025/02/18 01:42:58 [notice] 1#1: start worker process 34
2025/02/18 01:42:58 [notice] 1#1: start worker process 35
2025/02/21 01:55:56 [error] 29#29: *3 open() "/var/www/html/favicon.ico" failed (2: No such file or directory), client: 172.20.0.1, server: localhost, request: "GET /favicon.ico HTTP/1.1", host: "127.0.0.1", referrer: "http://127.0.0.1/"
2025/02/24 04:58:19 [error] 30#30: *5 open() "/var/www/html/favicon.ico" failed (2: No such file or directory), client: 172.20.0.1, server: localhost, request: "GET /favicon.ico HTTP/1.1", host: "localhost", referrer: "http://localhost/"
2025/02/24 07:21:06 [error] 28#28: *28 open() "/var/www/html/favicon.ico" failed (2: No such file or directory), client: 172.20.0.1, server: localhost, request: "GET /favicon.ico HTTP/1.1", host: "localhost", referrer: "http://localhost/AdmedikaService.php"
2025/02/25 06:36:20 [error] 28#28: *34 open() "/var/www/html/favicon.ico" failed (2: No such file or directory), client: 172.20.0.1, server: localhost, request: "GET /favicon.ico HTTP/1.1", host: "localhost", referrer: "http://localhost/"
2025/03/03 01:10:08 [notice] 1#1: signal 3 (SIGQUIT) received, shutting down
2025/03/03 01:10:08 [notice] 28#28: gracefully shutting down
2025/03/03 01:10:08 [notice] 29#29: gracefully shutting down
2025/03/03 01:10:08 [notice] 31#31: gracefully shutting down
2025/03/03 01:10:08 [notice] 28#28: exiting
2025/03/03 01:10:08 [notice] 31#31: exiting
2025/03/03 01:10:08 [notice] 30#30: gracefully shutting down
2025/03/03 01:10:08 [notice] 30#30: exiting
2025/03/03 01:10:08 [notice] 32#32: gracefully shutting down
2025/03/03 01:10:08 [notice] 31#31: exit
2025/03/03 01:10:08 [notice] 32#32: exiting
2025/03/03 01:10:08 [notice] 28#28: exit
2025/03/03 01:10:08 [notice] 34#34: gracefully shutting down
2025/03/03 01:10:08 [notice] 34#34: exiting
2025/03/03 01:10:08 [notice] 33#33: gracefully shutting down
2025/03/03 01:10:08 [notice] 35#35: gracefully shutting down
2025/03/03 01:10:08 [notice] 29#29: exiting
2025/03/03 01:10:08 [notice] 30#30: exit
2025/03/03 01:10:08 [notice] 33#33: exiting
2025/03/03 01:10:08 [notice] 32#32: exit
2025/03/03 01:10:08 [notice] 33#33: exit
2025/03/03 01:10:08 [notice] 29#29: exit
2025/03/03 01:10:08 [notice] 34#34: exit
2025/03/03 01:10:08 [notice] 35#35: exiting
2025/03/03 01:10:08 [notice] 35#35: exit
2025/03/03 01:10:08 [notice] 1#1: signal 17 (SIGCHLD) received from 31
2025/03/03 01:10:08 [notice] 1#1: worker process 28 exited with code 0
2025/03/03 01:10:08 [notice] 1#1: worker process 29 exited with code 0
2025/03/03 01:10:08 [notice] 1#1: worker process 30 exited with code 0
2025/03/03 01:10:08 [notice] 1#1: worker process 31 exited with code 0
2025/03/03 01:10:08 [notice] 1#1: worker process 34 exited with code 0
2025/03/03 01:10:08 [notice] 1#1: worker process 35 exited with code 0
2025/03/03 01:10:08 [notice] 1#1: signal 29 (SIGIO) received
2025/03/03 01:10:08 [notice] 1#1: signal 17 (SIGCHLD) received from 33
2025/03/03 01:10:08 [notice] 1#1: worker process 33 exited with code 0
2025/03/03 01:10:08 [notice] 1#1: signal 29 (SIGIO) received
2025/03/03 01:10:08 [notice] 1#1: signal 17 (SIGCHLD) received from 32
2025/03/03 01:10:08 [notice] 1#1: worker process 32 exited with code 0
2025/03/03 01:10:08 [notice] 1#1: exit
2025/03/03 01:13:16 [notice] 1#1: using the "epoll" event method
2025/03/03 01:13:16 [notice] 1#1: nginx/1.27.2
2025/03/03 01:13:16 [notice] 1#1: built by gcc 12.2.0 (Debian 12.2.0-14) 
2025/03/03 01:13:16 [notice] 1#1: OS: Linux 6.10.14-linuxkit
2025/03/03 01:13:16 [notice] 1#1: getrlimit(RLIMIT_NOFILE): 1048576:1048576
2025/03/03 01:13:16 [notice] 1#1: start worker processes
2025/03/03 01:13:16 [notice] 1#1: start worker process 28
2025/03/03 01:13:16 [notice] 1#1: start worker process 29
2025/03/03 01:13:16 [notice] 1#1: start worker process 30
2025/03/03 01:13:16 [notice] 1#1: start worker process 31
2025/03/03 01:13:16 [notice] 1#1: start worker process 32
2025/03/03 01:13:16 [notice] 1#1: start worker process 33
2025/03/03 01:13:16 [notice] 1#1: start worker process 34
2025/03/03 01:13:16 [notice] 1#1: start worker process 35
2025/03/16 10:17:16 [error] 28#28: *1 open() "/var/www/html/_nuxt/entry.BqykoXXP.css" failed (2: No such file or directory), client: 172.20.0.1, server: localhost, request: "GET /_nuxt/entry.BqykoXXP.css HTTP/1.1", host: "localhost", referrer: "http://localhost/nuxt/"
2025/03/16 10:17:16 [error] 29#29: *2 open() "/var/www/html/_nuxt/D5w2it6b.js" failed (2: No such file or directory), client: 172.20.0.1, server: localhost, request: "GET /_nuxt/D5w2it6b.js HTTP/1.1", host: "localhost", referrer: "http://localhost/nuxt/"
2025/03/16 10:17:16 [error] 29#29: *2 open() "/var/www/html/_nuxt/404.CMId8yPf.png" failed (2: No such file or directory), client: 172.20.0.1, server: localhost, request: "GET /_nuxt/404.CMId8yPf.png HTTP/1.1", host: "localhost", referrer: "http://localhost/nuxt/"
2025/03/16 10:17:16 [error] 28#28: *1 open() "/var/www/html/_nuxt/blank.CExWZhJD.css" failed (2: No such file or directory), client: 172.20.0.1, server: localhost, request: "GET /_nuxt/blank.CExWZhJD.css HTTP/1.1", host: "localhost", referrer: "http://localhost/nuxt/"
2025/03/16 10:17:16 [error] 30#30: *3 open() "/var/www/html/_nuxt/useSkins.endbex0h.css" failed (2: No such file or directory), client: 172.20.0.1, server: localhost, request: "GET /_nuxt/useSkins.endbex0h.css HTTP/1.1", host: "localhost", referrer: "http://localhost/nuxt/"
2025/03/16 10:17:16 [error] 30#30: *6 open() "/var/www/html/_nuxt/j_9cHNz_.js" failed (2: No such file or directory), client: 172.20.0.1, server: localhost, request: "GET /_nuxt/j_9cHNz_.js HTTP/1.1", host: "localhost", referrer: "http://localhost/nuxt/"
2025/03/16 10:17:16 [error] 31#31: *4 open() "/var/www/html/_nuxt/DRd3NrTH.js" failed (2: No such file or directory), client: 172.20.0.1, server: localhost, request: "GET /_nuxt/DRd3NrTH.js HTTP/1.1", host: "localhost", referrer: "http://localhost/nuxt/"
2025/03/16 10:17:16 [error] 32#32: *5 open() "/var/www/html/_nuxt/VGrid.B47qK9tN.css" failed (2: No such file or directory), client: 172.20.0.1, server: localhost, request: "GET /_nuxt/VGrid.B47qK9tN.css HTTP/1.1", host: "localhost", referrer: "http://localhost/nuxt/"
2025/03/16 10:17:16 [error] 28#28: *1 open() "/var/www/html/_nuxt/I18n.BIOMWFGE.css" failed (2: No such file or directory), client: 172.20.0.1, server: localhost, request: "GET /_nuxt/I18n.BIOMWFGE.css HTTP/1.1", host: "localhost", referrer: "http://localhost/nuxt/"
2025/03/16 10:17:16 [error] 30#30: *3 open() "/var/www/html/_nuxt/CustomRadiosWithImage.BtpbxSDL.css" failed (2: No such file or directory), client: 172.20.0.1, server: localhost, request: "GET /_nuxt/CustomRadiosWithImage.BtpbxSDL.css HTTP/1.1", host: "localhost", referrer: "http://localhost/nuxt/"
2025/03/16 10:17:16 [error] 28#28: *1 open() "/var/www/html/_nuxt/VSelectionControl.D_cHeB3n.css" failed (2: No such file or directory), client: 172.20.0.1, server: localhost, request: "GET /_nuxt/VSelectionControl.D_cHeB3n.css HTTP/1.1", host: "localhost", referrer: "http://localhost/nuxt/"
2025/03/16 10:17:16 [error] 31#31: *4 open() "/var/www/html/_nuxt/form.gQ6TApzh.css" failed (2: No such file or directory), client: 172.20.0.1, server: localhost, request: "GET /_nuxt/form.gQ6TApzh.css HTTP/1.1", host: "localhost", referrer: "http://localhost/nuxt/"
2025/03/16 10:17:16 [error] 32#32: *5 open() "/var/www/html/nuxt/undefined/favicon.ico" failed (2: No such file or directory), client: 172.20.0.1, server: localhost, request: "GET /nuxt/undefined/favicon.ico HTTP/1.1", host: "localhost", referrer: "http://localhost/nuxt/"
2025/03/16 10:17:16 [error] 30#30: *6 open() "/var/www/html/_nuxt/VRadioGroup.CTaWno3b.css" failed (2: No such file or directory), client: 172.20.0.1, server: localhost, request: "GET /_nuxt/VRadioGroup.CTaWno3b.css HTTP/1.1", host: "localhost", referrer: "http://localhost/nuxt/"
2025/03/16 10:17:16 [error] 29#29: *2 open() "/var/www/html/_nuxt/VInput.BgCTopVP.css" failed (2: No such file or directory), client: 172.20.0.1, server: localhost, request: "GET /_nuxt/VInput.BgCTopVP.css HTTP/1.1", host: "localhost", referrer: "http://localhost/nuxt/"
2025/03/16 10:17:16 [error] 30#30: *3 open() "/var/www/html/_nuxt/VDivider.CRhg1j9w.css" failed (2: No such file or directory), client: 172.20.0.1, server: localhost, request: "GET /_nuxt/VDivider.CRhg1j9w.css HTTP/1.1", host: "localhost", referrer: "http://localhost/nuxt/"
2025/03/16 10:17:16 [error] 28#28: *1 open() "/var/www/html/_nuxt/VChip.DQZdAf_L.css" failed (2: No such file or directory), client: 172.20.0.1, server: localhost, request: "GET /_nuxt/VChip.DQZdAf_L.css HTTP/1.1", host: "localhost", referrer: "http://localhost/nuxt/"
2025/03/16 10:17:16 [error] 31#31: *4 open() "/var/www/html/_nuxt/VSlideGroup.BsYIg1rJ.css" failed (2: No such file or directory), client: 172.20.0.1, server: localhost, request: "GET /_nuxt/VSlideGroup.BsYIg1rJ.css HTTP/1.1", host: "localhost", referrer: "http://localhost/nuxt/"
2025/03/16 10:17:16 [error] 30#30: *6 open() "/var/www/html/_nuxt/VMenu.CxNgAg3Q.css" failed (2: No such file or directory), client: 172.20.0.1, server: localhost, request: "GET /_nuxt/VMenu.CxNgAg3Q.css HTTP/1.1", host: "localhost", referrer: "http://localhost/nuxt/"
2025/03/16 10:17:16 [error] 29#29: *2 open() "/var/www/html/_nuxt/VBadge.Cb99yl0N.css" failed (2: No such file or directory), client: 172.20.0.1, server: localhost, request: "GET /_nuxt/VBadge.Cb99yl0N.css HTTP/1.1", host: "localhost", referrer: "http://localhost/nuxt/"
2025/03/16 10:17:16 [error] 32#32: *5 open() "/var/www/html/_nuxt/VOverlay.QlmoXc77.css" failed (2: No such file or directory), client: 172.20.0.1, server: localhost, request: "GET /_nuxt/VOverlay.QlmoXc77.css HTTP/1.1", host: "localhost", referrer: "http://localhost/nuxt/"
2025/03/16 10:17:16 [error] 30#30: *3 open() "/var/www/html/_nuxt/VAvatar.DSJo9wh4.css" failed (2: No such file or directory), client: 172.20.0.1, server: localhost, request: "GET /_nuxt/VAvatar.DSJo9wh4.css HTTP/1.1", host: "localhost", referrer: "http://localhost/nuxt/"
2025/03/16 10:17:16 [error] 31#31: *4 open() "/var/www/html/_nuxt/VList.VEWNRoVC.css" failed (2: No such file or directory), client: 172.20.0.1, server: localhost, request: "GET /_nuxt/VList.VEWNRoVC.css HTTP/1.1", host: "localhost", referrer: "http://localhost/nuxt/"
2025/03/16 10:17:16 [error] 28#28: *1 open() "/var/www/html/_nuxt/VSliderTrack.Qpmb02Rb.css" failed (2: No such file or directory), client: 172.20.0.1, server: localhost, request: "GET /_nuxt/VSliderTrack.Qpmb02Rb.css HTTP/1.1", host: "localhost", referrer: "http://localhost/nuxt/"
2025/03/16 10:17:16 [error] 29#29: *2 open() "/var/www/html/_nuxt/VSwitch.DZKS51Wp.css" failed (2: No such file or directory), client: 172.20.0.1, server: localhost, request: "GET /_nuxt/VSwitch.DZKS51Wp.css HTTP/1.1", host: "localhost", referrer: "http://localhost/nuxt/"
2025/03/16 10:17:16 [error] 30#30: *6 open() "/var/www/html/_nuxt/VNavigationDrawer.BjoViyTH.css" failed (2: No such file or directory), client: 172.20.0.1, server: localhost, request: "GET /_nuxt/VNavigationDrawer.BjoViyTH.css HTTP/1.1", host: "localhost", referrer: "http://localhost/nuxt/"
2025/03/16 10:17:16 [error] 32#32: *5 open() "/var/www/html/_nuxt/NavBarNotifications.Cr5If03P.css" failed (2: No such file or directory), client: 172.20.0.1, server: localhost, request: "GET /_nuxt/NavBarNotifications.Cr5If03P.css HTTP/1.1", host: "localhost", referrer: "http://localhost/nuxt/"
2025/03/16 10:17:16 [error] 30#30: *3 open() "/var/www/html/_nuxt/VCard.DxsCeL4Z.css" failed (2: No such file or directory), client: 172.20.0.1, server: localhost, request: "GET /_nuxt/VCard.DxsCeL4Z.css HTTP/1.1", host: "localhost", referrer: "http://localhost/nuxt/"
2025/03/16 10:17:16 [error] 29#29: *2 open() "/var/www/html/_nuxt/VTooltip.DII9o4sV.css" failed (2: No such file or directory), client: 172.20.0.1, server: localhost, request: "GET /_nuxt/VTooltip.DII9o4sV.css HTTP/1.1", host: "localhost", referrer: "http://localhost/nuxt/"
2025/03/16 10:17:16 [error] 30#30: *6 open() "/var/www/html/_nuxt/NavSearchBar.DGs-J1eQ.css" failed (2: No such file or directory), client: 172.20.0.1, server: localhost, request: "GET /_nuxt/NavSearchBar.DGs-J1eQ.css HTTP/1.1", host: "localhost", referrer: "http://localhost/nuxt/"
2025/03/16 10:17:16 [error] 30#30: *3 open() "/var/www/html/_nuxt/BZ5yOwCA.js" failed (2: No such file or directory), client: 172.20.0.1, server: localhost, request: "GET /_nuxt/BZ5yOwCA.js HTTP/1.1", host: "localhost", referrer: "http://localhost/nuxt/"
2025/03/16 10:17:16 [error] 32#32: *5 open() "/var/www/html/_nuxt/NavbarShortcuts.DZb0Bned.css" failed (2: No such file or directory), client: 172.20.0.1, server: localhost, request: "GET /_nuxt/NavbarShortcuts.DZb0Bned.css HTTP/1.1", host: "localhost", referrer: "http://localhost/nuxt/"
2025/03/16 10:17:16 [error] 28#28: *1 open() "/var/www/html/_nuxt/ITBVsybC.js" failed (2: No such file or directory), client: 172.20.0.1, server: localhost, request: "GET /_nuxt/ITBVsybC.js HTTP/1.1", host: "localhost", referrer: "http://localhost/nuxt/"
2025/03/16 10:17:16 [error] 31#31: *4 open() "/var/www/html/_nuxt/BLOjh-qf.js" failed (2: No such file or directory), client: 172.20.0.1, server: localhost, request: "GET /_nuxt/BLOjh-qf.js HTTP/1.1", host: "localhost", referrer: "http://localhost/nuxt/"
2025/03/16 10:17:16 [error] 32#32: *5 open() "/var/www/html/_nuxt/C5jwhd4K.js" failed (2: No such file or directory), client: 172.20.0.1, server: localhost, request: "GET /_nuxt/C5jwhd4K.js HTTP/1.1", host: "localhost", referrer: "http://localhost/nuxt/"
2025/03/16 10:17:16 [error] 29#29: *2 open() "/var/www/html/_nuxt/yOuB7O_K.js" failed (2: No such file or directory), client: 172.20.0.1, server: localhost, request: "GET /_nuxt/yOuB7O_K.js HTTP/1.1", host: "localhost", referrer: "http://localhost/nuxt/"
2025/03/16 10:17:16 [error] 31#31: *4 open() "/var/www/html/_nuxt/DryR574a.js" failed (2: No such file or directory), client: 172.20.0.1, server: localhost, request: "GET /_nuxt/DryR574a.js HTTP/1.1", host: "localhost", referrer: "http://localhost/nuxt/"
2025/03/16 10:17:16 [error] 28#28: *1 open() "/var/www/html/_nuxt/Byu4DGG4.js" failed (2: No such file or directory), client: 172.20.0.1, server: localhost, request: "GET /_nuxt/Byu4DGG4.js HTTP/1.1", host: "localhost", referrer: "http://localhost/nuxt/"
2025/03/16 10:17:16 [error] 30#30: *3 open() "/var/www/html/_nuxt/D7xOvqIU.js" failed (2: No such file or directory), client: 172.20.0.1, server: localhost, request: "GET /_nuxt/D7xOvqIU.js HTTP/1.1", host: "localhost", referrer: "http://localhost/nuxt/"
2025/03/16 10:17:16 [error] 30#30: *6 open() "/var/www/html/_nuxt/OXRrT_Iw.js" failed (2: No such file or directory), client: 172.20.0.1, server: localhost, request: "GET /_nuxt/OXRrT_Iw.js HTTP/1.1", host: "localhost", referrer: "http://localhost/nuxt/"
2025/03/16 10:17:16 [error] 28#28: *1 open() "/var/www/html/_nuxt/CMlHFs0d.js" failed (2: No such file or directory), client: 172.20.0.1, server: localhost, request: "GET /_nuxt/CMlHFs0d.js HTTP/1.1", host: "localhost", referrer: "http://localhost/nuxt/"
2025/03/16 10:17:16 [error] 30#30: *6 open() "/var/www/html/_nuxt/tgsbkjPT.js" failed (2: No such file or directory), client: 172.20.0.1, server: localhost, request: "GET /_nuxt/tgsbkjPT.js HTTP/1.1", host: "localhost", referrer: "http://localhost/nuxt/"
2025/03/16 10:17:16 [error] 29#29: *2 open() "/var/www/html/_nuxt/C_nCeP5N.js" failed (2: No such file or directory), client: 172.20.0.1, server: localhost, request: "GET /_nuxt/C_nCeP5N.js HTTP/1.1", host: "localhost", referrer: "http://localhost/nuxt/"
2025/03/16 10:17:16 [error] 31#31: *4 open() "/var/www/html/_nuxt/CzmZviAA.js" failed (2: No such file or directory), client: 172.20.0.1, server: localhost, request: "GET /_nuxt/CzmZviAA.js HTTP/1.1", host: "localhost", referrer: "http://localhost/nuxt/"
2025/03/16 10:17:16 [error] 30#30: *3 open() "/var/www/html/_nuxt/CDtioP9k.js" failed (2: No such file or directory), client: 172.20.0.1, server: localhost, request: "GET /_nuxt/CDtioP9k.js HTTP/1.1", host: "localhost", referrer: "http://localhost/nuxt/"
2025/03/16 10:17:16 [error] 32#32: *5 open() "/var/www/html/_nuxt/DytIN0-d.js" failed (2: No such file or directory), client: 172.20.0.1, server: localhost, request: "GET /_nuxt/DytIN0-d.js HTTP/1.1", host: "localhost", referrer: "http://localhost/nuxt/"
2025/03/16 10:17:16 [error] 28#28: *1 open() "/var/www/html/_nuxt/9QToQ6dK.js" failed (2: No such file or directory), client: 172.20.0.1, server: localhost, request: "GET /_nuxt/9QToQ6dK.js HTTP/1.1", host: "localhost", referrer: "http://localhost/nuxt/"
2025/03/16 10:17:16 [error] 30#30: *6 open() "/var/www/html/_nuxt/5dJeG40m.js" failed (2: No such file or directory), client: 172.20.0.1, server: localhost, request: "GET /_nuxt/5dJeG40m.js HTTP/1.1", host: "localhost", referrer: "http://localhost/nuxt/"
2025/03/16 10:17:16 [error] 32#32: *5 open() "/var/www/html/_nuxt/CjukEv2V.js" failed (2: No such file or directory), client: 172.20.0.1, server: localhost, request: "GET /_nuxt/CjukEv2V.js HTTP/1.1", host: "localhost", referrer: "http://localhost/nuxt/"
2025/03/16 10:17:16 [error] 29#29: *2 open() "/var/www/html/_nuxt/95Lzy_-G.js" failed (2: No such file or directory), client: 172.20.0.1, server: localhost, request: "GET /_nuxt/95Lzy_-G.js HTTP/1.1", host: "localhost", referrer: "http://localhost/nuxt/"
2025/03/16 10:17:16 [error] 30#30: *3 open() "/var/www/html/_nuxt/D4SY3gi2.js" failed (2: No such file or directory), client: 172.20.0.1, server: localhost, request: "GET /_nuxt/D4SY3gi2.js HTTP/1.1", host: "localhost", referrer: "http://localhost/nuxt/"
2025/03/16 10:17:16 [error] 31#31: *4 open() "/var/www/html/_nuxt/3QTvhuub.js" failed (2: No such file or directory), client: 172.20.0.1, server: localhost, request: "GET /_nuxt/3QTvhuub.js HTTP/1.1", host: "localhost", referrer: "http://localhost/nuxt/"
2025/03/16 10:17:16 [error] 28#28: *1 open() "/var/www/html/_nuxt/C-GTDzx5.js" failed (2: No such file or directory), client: 172.20.0.1, server: localhost, request: "GET /_nuxt/C-GTDzx5.js HTTP/1.1", host: "localhost", referrer: "http://localhost/nuxt/"
2025/03/16 10:17:16 [error] 30#30: *6 open() "/var/www/html/_nuxt/lPMGiujg.js" failed (2: No such file or directory), client: 172.20.0.1, server: localhost, request: "GET /_nuxt/lPMGiujg.js HTTP/1.1", host: "localhost", referrer: "http://localhost/nuxt/"
2025/03/16 10:17:16 [error] 30#30: *3 open() "/var/www/html/_nuxt/DDIJaq8L.js" failed (2: No such file or directory), client: 172.20.0.1, server: localhost, request: "GET /_nuxt/DDIJaq8L.js HTTP/1.1", host: "localhost", referrer: "http://localhost/nuxt/"
2025/03/16 10:17:16 [error] 29#29: *2 open() "/var/www/html/_nuxt/v4I0jmnS.js" failed (2: No such file or directory), client: 172.20.0.1, server: localhost, request: "GET /_nuxt/v4I0jmnS.js HTTP/1.1", host: "localhost", referrer: "http://localhost/nuxt/"
2025/03/16 10:17:16 [error] 31#31: *4 open() "/var/www/html/_nuxt/v4aUUZXP.js" failed (2: No such file or directory), client: 172.20.0.1, server: localhost, request: "GET /_nuxt/v4aUUZXP.js HTTP/1.1", host: "localhost", referrer: "http://localhost/nuxt/"
2025/03/16 10:17:16 [error] 28#28: *1 open() "/var/www/html/_nuxt/CMIeTP5z.js" failed (2: No such file or directory), client: 172.20.0.1, server: localhost, request: "GET /_nuxt/CMIeTP5z.js HTTP/1.1", host: "localhost", referrer: "http://localhost/nuxt/"
2025/03/16 10:17:16 [error] 30#30: *6 open() "/var/www/html/_nuxt/CYuDspTg.js" failed (2: No such file or directory), client: 172.20.0.1, server: localhost, request: "GET /_nuxt/CYuDspTg.js HTTP/1.1", host: "localhost", referrer: "http://localhost/nuxt/"
2025/03/16 10:17:16 [error] 32#32: *5 open() "/var/www/html/_nuxt/1H3g2BOQ.js" failed (2: No such file or directory), client: 172.20.0.1, server: localhost, request: "GET /_nuxt/1H3g2BOQ.js HTTP/1.1", host: "localhost", referrer: "http://localhost/nuxt/"
2025/03/16 10:17:16 [error] 30#30: *3 open() "/var/www/html/_nuxt/DcQliuql.js" failed (2: No such file or directory), client: 172.20.0.1, server: localhost, request: "GET /_nuxt/DcQliuql.js HTTP/1.1", host: "localhost", referrer: "http://localhost/nuxt/"
2025/03/16 10:17:16 [error] 29#29: *2 open() "/var/www/html/_nuxt/BgAKf8B5.js" failed (2: No such file or directory), client: 172.20.0.1, server: localhost, request: "GET /_nuxt/BgAKf8B5.js HTTP/1.1", host: "localhost", referrer: "http://localhost/nuxt/"
2025/03/16 10:17:16 [error] 28#28: *1 open() "/var/www/html/_nuxt/Dna1Lnt8.js" failed (2: No such file or directory), client: 172.20.0.1, server: localhost, request: "GET /_nuxt/Dna1Lnt8.js HTTP/1.1", host: "localhost", referrer: "http://localhost/nuxt/"
2025/03/16 10:17:16 [error] 32#32: *5 open() "/var/www/html/_nuxt/DuPGq9tC.js" failed (2: No such file or directory), client: 172.20.0.1, server: localhost, request: "GET /_nuxt/DuPGq9tC.js HTTP/1.1", host: "localhost", referrer: "http://localhost/nuxt/"
2025/03/16 10:17:16 [error] 30#30: *3 open() "/var/www/html/_nuxt/D4nmmxKO.js" failed (2: No such file or directory), client: 172.20.0.1, server: localhost, request: "GET /_nuxt/D4nmmxKO.js HTTP/1.1", host: "localhost", referrer: "http://localhost/nuxt/"
2025/03/16 10:17:16 [error] 31#31: *4 open() "/var/www/html/_nuxt/CwkiDcxT.js" failed (2: No such file or directory), client: 172.20.0.1, server: localhost, request: "GET /_nuxt/CwkiDcxT.js HTTP/1.1", host: "localhost", referrer: "http://localhost/nuxt/"
2025/03/16 10:17:16 [error] 28#28: *1 open() "/var/www/html/_nuxt/DLpJuODT.js" failed (2: No such file or directory), client: 172.20.0.1, server: localhost, request: "GET /_nuxt/DLpJuODT.js HTTP/1.1", host: "localhost", referrer: "http://localhost/nuxt/"
2025/03/16 10:17:16 [error] 30#30: *6 open() "/var/www/html/_nuxt/BjhzuhzT.js" failed (2: No such file or directory), client: 172.20.0.1, server: localhost, request: "GET /_nuxt/BjhzuhzT.js HTTP/1.1", host: "localhost", referrer: "http://localhost/nuxt/"
2025/03/16 10:17:16 [error] 29#29: *2 open() "/var/www/html/_nuxt/B7eAgTCI.js" failed (2: No such file or directory), client: 172.20.0.1, server: localhost, request: "GET /_nuxt/B7eAgTCI.js HTTP/1.1", host: "localhost", referrer: "http://localhost/nuxt/"
2025/03/16 10:17:16 [error] 30#30: *3 open() "/var/www/html/_nuxt/ZES0QlV8.js" failed (2: No such file or directory), client: 172.20.0.1, server: localhost, request: "GET /_nuxt/ZES0QlV8.js HTTP/1.1", host: "localhost", referrer: "http://localhost/nuxt/"
2025/03/16 10:17:16 [error] 31#31: *4 open() "/var/www/html/_nuxt/CciB1k37.js" failed (2: No such file or directory), client: 172.20.0.1, server: localhost, request: "GET /_nuxt/CciB1k37.js HTTP/1.1", host: "localhost", referrer: "http://localhost/nuxt/"
2025/03/16 10:17:16 [error] 32#32: *5 open() "/var/www/html/_nuxt/0LzslLUF.js" failed (2: No such file or directory), client: 172.20.0.1, server: localhost, request: "GET /_nuxt/0LzslLUF.js HTTP/1.1", host: "localhost", referrer: "http://localhost/nuxt/"
2025/03/16 10:17:16 [error] 29#29: *2 open() "/var/www/html/_nuxt/7lZmdTZv.js" failed (2: No such file or directory), client: 172.20.0.1, server: localhost, request: "GET /_nuxt/7lZmdTZv.js HTTP/1.1", host: "localhost", referrer: "http://localhost/nuxt/"
2025/03/16 10:17:16 [error] 32#32: *5 open() "/var/www/html/_nuxt/mEAGVy2F.js" failed (2: No such file or directory), client: 172.20.0.1, server: localhost, request: "GET /_nuxt/mEAGVy2F.js HTTP/1.1", host: "localhost", referrer: "http://localhost/nuxt/"
2025/03/16 10:17:16 [error] 31#31: *4 open() "/var/www/html/_nuxt/CoRkMYgZ.js" failed (2: No such file or directory), client: 172.20.0.1, server: localhost, request: "GET /_nuxt/CoRkMYgZ.js HTTP/1.1", host: "localhost", referrer: "http://localhost/nuxt/"
2025/03/16 10:17:16 [error] 30#30: *3 open() "/var/www/html/_nuxt/DBC6msK_.js" failed (2: No such file or directory), client: 172.20.0.1, server: localhost, request: "GET /_nuxt/DBC6msK_.js HTTP/1.1", host: "localhost", referrer: "http://localhost/nuxt/"
2025/03/16 10:17:16 [error] 28#28: *1 open() "/var/www/html/_nuxt/BGvxICAU.js" failed (2: No such file or directory), client: 172.20.0.1, server: localhost, request: "GET /_nuxt/BGvxICAU.js HTTP/1.1", host: "localhost", referrer: "http://localhost/nuxt/"
2025/03/16 10:17:16 [error] 30#30: *6 open() "/var/www/html/_nuxt/B900lpV_.js" failed (2: No such file or directory), client: 172.20.0.1, server: localhost, request: "GET /_nuxt/B900lpV_.js HTTP/1.1", host: "localhost", referrer: "http://localhost/nuxt/"
2025/03/16 10:17:16 [error] 29#29: *2 open() "/var/www/html/_nuxt/jcmEnvVb.js" failed (2: No such file or directory), client: 172.20.0.1, server: localhost, request: "GET /_nuxt/jcmEnvVb.js HTTP/1.1", host: "localhost", referrer: "http://localhost/nuxt/"
2025/03/16 10:17:16 [error] 30#30: *3 open() "/var/www/html/_nuxt/jbtlbCHt.js" failed (2: No such file or directory), client: 172.20.0.1, server: localhost, request: "GET /_nuxt/jbtlbCHt.js HTTP/1.1", host: "localhost", referrer: "http://localhost/nuxt/"
2025/03/16 10:17:16 [error] 31#31: *4 open() "/var/www/html/_nuxt/2CnjJIjD.js" failed (2: No such file or directory), client: 172.20.0.1, server: localhost, request: "GET /_nuxt/2CnjJIjD.js HTTP/1.1", host: "localhost", referrer: "http://localhost/nuxt/"
2025/03/16 10:17:16 [error] 30#30: *6 open() "/var/www/html/_nuxt/Dd7-4DuK.js" failed (2: No such file or directory), client: 172.20.0.1, server: localhost, request: "GET /_nuxt/Dd7-4DuK.js HTTP/1.1", host: "localhost", referrer: "http://localhost/nuxt/"
2025/03/16 10:17:16 [error] 28#28: *1 open() "/var/www/html/_nuxt/C3jTmpZ3.js" failed (2: No such file or directory), client: 172.20.0.1, server: localhost, request: "GET /_nuxt/C3jTmpZ3.js HTTP/1.1", host: "localhost", referrer: "http://localhost/nuxt/"
2025/03/16 10:17:16 [error] 32#32: *5 open() "/var/www/html/_nuxt/CPNJLBzR.js" failed (2: No such file or directory), client: 172.20.0.1, server: localhost, request: "GET /_nuxt/CPNJLBzR.js HTTP/1.1", host: "localhost", referrer: "http://localhost/nuxt/"
2025/03/16 10:17:16 [error] 29#29: *2 open() "/var/www/html/_nuxt/Bx2sLyT3.js" failed (2: No such file or directory), client: 172.20.0.1, server: localhost, request: "GET /_nuxt/Bx2sLyT3.js HTTP/1.1", host: "localhost", referrer: "http://localhost/nuxt/"
2025/03/16 10:17:16 [error] 30#30: *3 open() "/var/www/html/_nuxt/default.DF0WjBT1.css" failed (2: No such file or directory), client: 172.20.0.1, server: localhost, request: "GET /_nuxt/default.DF0WjBT1.css HTTP/1.1", host: "localhost", referrer: "http://localhost/nuxt/"
2025/03/16 10:17:16 [error] 30#30: *6 open() "/var/www/html/_nuxt/L2QXoRq_.js" failed (2: No such file or directory), client: 172.20.0.1, server: localhost, request: "GET /_nuxt/L2QXoRq_.js HTTP/1.1", host: "localhost", referrer: "http://localhost/nuxt/"
2025/03/16 10:17:16 [error] 28#28: *1 open() "/var/www/html/_nuxt/DjeWd41R.js" failed (2: No such file or directory), client: 172.20.0.1, server: localhost, request: "GET /_nuxt/DjeWd41R.js HTTP/1.1", host: "localhost", referrer: "http://localhost/nuxt/"
2025/03/16 10:17:16 [error] 32#32: *5 open() "/var/www/html/_nuxt/BosuxZz1.js" failed (2: No such file or directory), client: 172.20.0.1, server: localhost, request: "GET /_nuxt/BosuxZz1.js HTTP/1.1", host: "localhost", referrer: "http://localhost/nuxt/"
2025/03/16 10:17:20 [error] 32#32: *5 open() "/var/www/html/_nuxt/entry.BqykoXXP.css" failed (2: No such file or directory), client: 172.20.0.1, server: localhost, request: "GET /_nuxt/entry.BqykoXXP.css HTTP/1.1", host: "localhost", referrer: "http://localhost/nuxt/"
2025/03/16 10:17:26 [error] 33#33: *7 open() "/var/www/html/_nuxt/entry.BqykoXXP.css" failed (2: No such file or directory), client: 172.20.0.1, server: localhost, request: "GET /_nuxt/entry.BqykoXXP.css HTTP/1.1", host: "localhost", referrer: "http://localhost/nuxt/"
2025/03/16 10:17:26 [error] 34#34: *8 open() "/var/www/html/_nuxt/D5w2it6b.js" failed (2: No such file or directory), client: 172.20.0.1, server: localhost, request: "GET /_nuxt/D5w2it6b.js HTTP/1.1", host: "localhost", referrer: "http://localhost/nuxt/"
2025/03/16 10:17:26 [error] 34#34: *8 open() "/var/www/html/_nuxt/404.CMId8yPf.png" failed (2: No such file or directory), client: 172.20.0.1, server: localhost, request: "GET /_nuxt/404.CMId8yPf.png HTTP/1.1", host: "localhost", referrer: "http://localhost/nuxt/"
2025/03/16 10:17:26 [error] 33#33: *7 open() "/var/www/html/_nuxt/blank.CExWZhJD.css" failed (2: No such file or directory), client: 172.20.0.1, server: localhost, request: "GET /_nuxt/blank.CExWZhJD.css HTTP/1.1", host: "localhost", referrer: "http://localhost/nuxt/"
2025/03/16 10:17:26 [error] 28#28: *9 open() "/var/www/html/_nuxt/DRd3NrTH.js" failed (2: No such file or directory), client: 172.20.0.1, server: localhost, request: "GET /_nuxt/DRd3NrTH.js HTTP/1.1", host: "localhost", referrer: "http://localhost/nuxt/"
2025/03/16 10:17:26 [error] 35#35: *10 open() "/var/www/html/_nuxt/useSkins.endbex0h.css" failed (2: No such file or directory), client: 172.20.0.1, server: localhost, request: "GET /_nuxt/useSkins.endbex0h.css HTTP/1.1", host: "localhost", referrer: "http://localhost/nuxt/"
2025/03/16 10:17:26 [error] 29#29: *12 open() "/var/www/html/_nuxt/j_9cHNz_.js" failed (2: No such file or directory), client: 172.20.0.1, server: localhost, request: "GET /_nuxt/j_9cHNz_.js HTTP/1.1", host: "localhost", referrer: "http://localhost/nuxt/"
2025/03/16 10:17:26 [error] 28#28: *11 open() "/var/www/html/_nuxt/VGrid.B47qK9tN.css" failed (2: No such file or directory), client: 172.20.0.1, server: localhost, request: "GET /_nuxt/VGrid.B47qK9tN.css HTTP/1.1", host: "localhost", referrer: "http://localhost/nuxt/"
2025/03/16 10:17:26 [error] 28#28: *11 open() "/var/www/html/_nuxt/I18n.BIOMWFGE.css" failed (2: No such file or directory), client: 172.20.0.1, server: localhost, request: "GET /_nuxt/I18n.BIOMWFGE.css HTTP/1.1", host: "localhost", referrer: "http://localhost/nuxt/"
2025/03/16 10:17:26 [error] 29#29: *12 open() "/var/www/html/_nuxt/CustomRadiosWithImage.BtpbxSDL.css" failed (2: No such file or directory), client: 172.20.0.1, server: localhost, request: "GET /_nuxt/CustomRadiosWithImage.BtpbxSDL.css HTTP/1.1", host: "localhost", referrer: "http://localhost/nuxt/"
2025/03/16 10:17:26 [error] 34#34: *8 open() "/var/www/html/_nuxt/VInput.BgCTopVP.css" failed (2: No such file or directory), client: 172.20.0.1, server: localhost, request: "GET /_nuxt/VInput.BgCTopVP.css HTTP/1.1", host: "localhost", referrer: "http://localhost/nuxt/"
2025/03/16 10:17:26 [error] 28#28: *9 open() "/var/www/html/_nuxt/VSelectionControl.D_cHeB3n.css" failed (2: No such file or directory), client: 172.20.0.1, server: localhost, request: "GET /_nuxt/VSelectionControl.D_cHeB3n.css HTTP/1.1", host: "localhost", referrer: "http://localhost/nuxt/"
2025/03/16 10:17:26 [error] 35#35: *10 open() "/var/www/html/_nuxt/VRadioGroup.CTaWno3b.css" failed (2: No such file or directory), client: 172.20.0.1, server: localhost, request: "GET /_nuxt/VRadioGroup.CTaWno3b.css HTTP/1.1", host: "localhost", referrer: "http://localhost/nuxt/"
2025/03/16 10:17:26 [error] 33#33: *7 open() "/var/www/html/_nuxt/form.gQ6TApzh.css" failed (2: No such file or directory), client: 172.20.0.1, server: localhost, request: "GET /_nuxt/form.gQ6TApzh.css HTTP/1.1", host: "localhost", referrer: "http://localhost/nuxt/"
2025/03/16 10:17:26 [error] 28#28: *11 open() "/var/www/html/nuxt/undefined/favicon.ico" failed (2: No such file or directory), client: 172.20.0.1, server: localhost, request: "GET /nuxt/undefined/favicon.ico HTTP/1.1", host: "localhost", referrer: "http://localhost/nuxt/"
2025/03/16 10:17:26 [error] 28#28: *11 open() "/var/www/html/_nuxt/VDivider.CRhg1j9w.css" failed (2: No such file or directory), client: 172.20.0.1, server: localhost, request: "GET /_nuxt/VDivider.CRhg1j9w.css HTTP/1.1", host: "localhost", referrer: "http://localhost/nuxt/"
2025/03/16 10:17:26 [error] 33#33: *7 open() "/var/www/html/_nuxt/VChip.DQZdAf_L.css" failed (2: No such file or directory), client: 172.20.0.1, server: localhost, request: "GET /_nuxt/VChip.DQZdAf_L.css HTTP/1.1", host: "localhost", referrer: "http://localhost/nuxt/"
2025/03/16 10:17:26 [error] 28#28: *9 open() "/var/www/html/_nuxt/VAvatar.DSJo9wh4.css" failed (2: No such file or directory), client: 172.20.0.1, server: localhost, request: "GET /_nuxt/VAvatar.DSJo9wh4.css HTTP/1.1", host: "localhost", referrer: "http://localhost/nuxt/"
2025/03/16 10:17:26 [error] 29#29: *12 open() "/var/www/html/_nuxt/VMenu.CxNgAg3Q.css" failed (2: No such file or directory), client: 172.20.0.1, server: localhost, request: "GET /_nuxt/VMenu.CxNgAg3Q.css HTTP/1.1", host: "localhost", referrer: "http://localhost/nuxt/"
2025/03/16 10:17:26 [error] 34#34: *8 open() "/var/www/html/_nuxt/VBadge.Cb99yl0N.css" failed (2: No such file or directory), client: 172.20.0.1, server: localhost, request: "GET /_nuxt/VBadge.Cb99yl0N.css HTTP/1.1", host: "localhost", referrer: "http://localhost/nuxt/"
2025/03/16 10:17:26 [error] 35#35: *10 open() "/var/www/html/_nuxt/VSlideGroup.BsYIg1rJ.css" failed (2: No such file or directory), client: 172.20.0.1, server: localhost, request: "GET /_nuxt/VSlideGroup.BsYIg1rJ.css HTTP/1.1", host: "localhost", referrer: "http://localhost/nuxt/"
2025/03/16 10:17:26 [error] 34#34: *8 open() "/var/www/html/_nuxt/VList.VEWNRoVC.css" failed (2: No such file or directory), client: 172.20.0.1, server: localhost, request: "GET /_nuxt/VList.VEWNRoVC.css HTTP/1.1", host: "localhost", referrer: "http://localhost/nuxt/"
2025/03/16 10:17:26 [error] 29#29: *12 open() "/var/www/html/_nuxt/VSliderTrack.Qpmb02Rb.css" failed (2: No such file or directory), client: 172.20.0.1, server: localhost, request: "GET /_nuxt/VSliderTrack.Qpmb02Rb.css HTTP/1.1", host: "localhost", referrer: "http://localhost/nuxt/"
2025/03/16 10:17:26 [error] 28#28: *9 open() "/var/www/html/_nuxt/VSwitch.DZKS51Wp.css" failed (2: No such file or directory), client: 172.20.0.1, server: localhost, request: "GET /_nuxt/VSwitch.DZKS51Wp.css HTTP/1.1", host: "localhost", referrer: "http://localhost/nuxt/"
2025/03/16 10:17:26 [error] 35#35: *10 open() "/var/www/html/_nuxt/VOverlay.QlmoXc77.css" failed (2: No such file or directory), client: 172.20.0.1, server: localhost, request: "GET /_nuxt/VOverlay.QlmoXc77.css HTTP/1.1", host: "localhost", referrer: "http://localhost/nuxt/"
2025/03/16 10:17:26 [error] 33#33: *7 open() "/var/www/html/_nuxt/NavBarNotifications.Cr5If03P.css" failed (2: No such file or directory), client: 172.20.0.1, server: localhost, request: "GET /_nuxt/NavBarNotifications.Cr5If03P.css HTTP/1.1", host: "localhost", referrer: "http://localhost/nuxt/"
2025/03/16 10:17:26 [error] 28#28: *11 open() "/var/www/html/_nuxt/VNavigationDrawer.BjoViyTH.css" failed (2: No such file or directory), client: 172.20.0.1, server: localhost, request: "GET /_nuxt/VNavigationDrawer.BjoViyTH.css HTTP/1.1", host: "localhost", referrer: "http://localhost/nuxt/"
2025/03/16 10:17:26 [error] 33#33: *7 open() "/var/www/html/_nuxt/VTooltip.DII9o4sV.css" failed (2: No such file or directory), client: 172.20.0.1, server: localhost, request: "GET /_nuxt/VTooltip.DII9o4sV.css HTTP/1.1", host: "localhost", referrer: "http://localhost/nuxt/"
2025/03/16 10:17:26 [error] 35#35: *10 open() "/var/www/html/_nuxt/BZ5yOwCA.js" failed (2: No such file or directory), client: 172.20.0.1, server: localhost, request: "GET /_nuxt/BZ5yOwCA.js HTTP/1.1", host: "localhost", referrer: "http://localhost/nuxt/"
2025/03/16 10:17:26 [error] 28#28: *11 open() "/var/www/html/_nuxt/VCard.DxsCeL4Z.css" failed (2: No such file or directory), client: 172.20.0.1, server: localhost, request: "GET /_nuxt/VCard.DxsCeL4Z.css HTTP/1.1", host: "localhost", referrer: "http://localhost/nuxt/"
2025/03/16 10:17:26 [error] 34#34: *8 open() "/var/www/html/_nuxt/ITBVsybC.js" failed (2: No such file or directory), client: 172.20.0.1, server: localhost, request: "GET /_nuxt/ITBVsybC.js HTTP/1.1", host: "localhost", referrer: "http://localhost/nuxt/"
2025/03/16 10:17:26 [error] 29#29: *12 open() "/var/www/html/_nuxt/NavbarShortcuts.DZb0Bned.css" failed (2: No such file or directory), client: 172.20.0.1, server: localhost, request: "GET /_nuxt/NavbarShortcuts.DZb0Bned.css HTTP/1.1", host: "localhost", referrer: "http://localhost/nuxt/"
2025/03/16 10:17:26 [error] 28#28: *9 open() "/var/www/html/_nuxt/NavSearchBar.DGs-J1eQ.css" failed (2: No such file or directory), client: 172.20.0.1, server: localhost, request: "GET /_nuxt/NavSearchBar.DGs-J1eQ.css HTTP/1.1", host: "localhost", referrer: "http://localhost/nuxt/"
2025/03/16 10:17:26 [error] 28#28: *9 open() "/var/www/html/_nuxt/BLOjh-qf.js" failed (2: No such file or directory), client: 172.20.0.1, server: localhost, request: "GET /_nuxt/BLOjh-qf.js HTTP/1.1", host: "localhost", referrer: "http://localhost/nuxt/"
2025/03/16 10:17:26 [error] 29#29: *12 open() "/var/www/html/_nuxt/Byu4DGG4.js" failed (2: No such file or directory), client: 172.20.0.1, server: localhost, request: "GET /_nuxt/Byu4DGG4.js HTTP/1.1", host: "localhost", referrer: "http://localhost/nuxt/"
2025/03/16 10:17:26 [error] 28#28: *11 open() "/var/www/html/_nuxt/C5jwhd4K.js" failed (2: No such file or directory), client: 172.20.0.1, server: localhost, request: "GET /_nuxt/C5jwhd4K.js HTTP/1.1", host: "localhost", referrer: "http://localhost/nuxt/"
2025/03/16 10:17:26 [error] 33#33: *7 open() "/var/www/html/_nuxt/OXRrT_Iw.js" failed (2: No such file or directory), client: 172.20.0.1, server: localhost, request: "GET /_nuxt/OXRrT_Iw.js HTTP/1.1", host: "localhost", referrer: "http://localhost/nuxt/"
2025/03/16 10:17:26 [error] 35#35: *10 open() "/var/www/html/_nuxt/D7xOvqIU.js" failed (2: No such file or directory), client: 172.20.0.1, server: localhost, request: "GET /_nuxt/D7xOvqIU.js HTTP/1.1", host: "localhost", referrer: "http://localhost/nuxt/"
2025/03/16 10:17:26 [error] 34#34: *8 open() "/var/www/html/_nuxt/DryR574a.js" failed (2: No such file or directory), client: 172.20.0.1, server: localhost, request: "GET /_nuxt/DryR574a.js HTTP/1.1", host: "localhost", referrer: "http://localhost/nuxt/"
2025/03/16 10:17:26 [error] 34#34: *8 open() "/var/www/html/_nuxt/yOuB7O_K.js" failed (2: No such file or directory), client: 172.20.0.1, server: localhost, request: "GET /_nuxt/yOuB7O_K.js HTTP/1.1", host: "localhost", referrer: "http://localhost/nuxt/"
2025/03/16 10:17:26 [error] 35#35: *10 open() "/var/www/html/_nuxt/CzmZviAA.js" failed (2: No such file or directory), client: 172.20.0.1, server: localhost, request: "GET /_nuxt/CzmZviAA.js HTTP/1.1", host: "localhost", referrer: "http://localhost/nuxt/"
2025/03/16 10:17:26 [error] 28#28: *11 open() "/var/www/html/_nuxt/tgsbkjPT.js" failed (2: No such file or directory), client: 172.20.0.1, server: localhost, request: "GET /_nuxt/tgsbkjPT.js HTTP/1.1", host: "localhost", referrer: "http://localhost/nuxt/"
2025/03/16 10:17:26 [error] 33#33: *7 open() "/var/www/html/_nuxt/CMlHFs0d.js" failed (2: No such file or directory), client: 172.20.0.1, server: localhost, request: "GET /_nuxt/CMlHFs0d.js HTTP/1.1", host: "localhost", referrer: "http://localhost/nuxt/"
2025/03/16 10:17:26 [error] 29#29: *12 open() "/var/www/html/_nuxt/CDtioP9k.js" failed (2: No such file or directory), client: 172.20.0.1, server: localhost, request: "GET /_nuxt/CDtioP9k.js HTTP/1.1", host: "localhost", referrer: "http://localhost/nuxt/"
2025/03/16 10:17:26 [error] 28#28: *9 open() "/var/www/html/_nuxt/C_nCeP5N.js" failed (2: No such file or directory), client: 172.20.0.1, server: localhost, request: "GET /_nuxt/C_nCeP5N.js HTTP/1.1", host: "localhost", referrer: "http://localhost/nuxt/"
2025/03/16 10:17:26 [error] 28#28: *9 open() "/var/www/html/_nuxt/DytIN0-d.js" failed (2: No such file or directory), client: 172.20.0.1, server: localhost, request: "GET /_nuxt/DytIN0-d.js HTTP/1.1", host: "localhost", referrer: "http://localhost/nuxt/"
2025/03/16 10:17:26 [error] 29#29: *12 open() "/var/www/html/_nuxt/9QToQ6dK.js" failed (2: No such file or directory), client: 172.20.0.1, server: localhost, request: "GET /_nuxt/9QToQ6dK.js HTTP/1.1", host: "localhost", referrer: "http://localhost/nuxt/"
2025/03/16 10:17:26 [error] 33#33: *7 open() "/var/www/html/_nuxt/5dJeG40m.js" failed (2: No such file or directory), client: 172.20.0.1, server: localhost, request: "GET /_nuxt/5dJeG40m.js HTTP/1.1", host: "localhost", referrer: "http://localhost/nuxt/"
2025/03/16 10:17:26 [error] 28#28: *11 open() "/var/www/html/_nuxt/CjukEv2V.js" failed (2: No such file or directory), client: 172.20.0.1, server: localhost, request: "GET /_nuxt/CjukEv2V.js HTTP/1.1", host: "localhost", referrer: "http://localhost/nuxt/"
2025/03/16 10:17:26 [error] 34#34: *8 open() "/var/www/html/_nuxt/3QTvhuub.js" failed (2: No such file or directory), client: 172.20.0.1, server: localhost, request: "GET /_nuxt/3QTvhuub.js HTTP/1.1", host: "localhost", referrer: "http://localhost/nuxt/"
2025/03/16 10:17:26 [error] 35#35: *10 open() "/var/www/html/_nuxt/D4SY3gi2.js" failed (2: No such file or directory), client: 172.20.0.1, server: localhost, request: "GET /_nuxt/D4SY3gi2.js HTTP/1.1", host: "localhost", referrer: "http://localhost/nuxt/"
2025/03/16 10:17:26 [error] 35#35: *10 open() "/var/www/html/_nuxt/DDIJaq8L.js" failed (2: No such file or directory), client: 172.20.0.1, server: localhost, request: "GET /_nuxt/DDIJaq8L.js HTTP/1.1", host: "localhost", referrer: "http://localhost/nuxt/"
2025/03/16 10:17:26 [error] 28#28: *11 open() "/var/www/html/_nuxt/95Lzy_-G.js" failed (2: No such file or directory), client: 172.20.0.1, server: localhost, request: "GET /_nuxt/95Lzy_-G.js HTTP/1.1", host: "localhost", referrer: "http://localhost/nuxt/"
2025/03/16 10:17:26 [error] 29#29: *12 open() "/var/www/html/_nuxt/C-GTDzx5.js" failed (2: No such file or directory), client: 172.20.0.1, server: localhost, request: "GET /_nuxt/C-GTDzx5.js HTTP/1.1", host: "localhost", referrer: "http://localhost/nuxt/"
2025/03/16 10:17:26 [error] 33#33: *7 open() "/var/www/html/_nuxt/lPMGiujg.js" failed (2: No such file or directory), client: 172.20.0.1, server: localhost, request: "GET /_nuxt/lPMGiujg.js HTTP/1.1", host: "localhost", referrer: "http://localhost/nuxt/"
2025/03/16 10:17:26 [error] 28#28: *9 open() "/var/www/html/_nuxt/CMIeTP5z.js" failed (2: No such file or directory), client: 172.20.0.1, server: localhost, request: "GET /_nuxt/CMIeTP5z.js HTTP/1.1", host: "localhost", referrer: "http://localhost/nuxt/"
2025/03/16 10:17:26 [error] 34#34: *8 open() "/var/www/html/_nuxt/v4I0jmnS.js" failed (2: No such file or directory), client: 172.20.0.1, server: localhost, request: "GET /_nuxt/v4I0jmnS.js HTTP/1.1", host: "localhost", referrer: "http://localhost/nuxt/"
2025/03/16 10:17:26 [error] 28#28: *11 open() "/var/www/html/_nuxt/v4aUUZXP.js" failed (2: No such file or directory), client: 172.20.0.1, server: localhost, request: "GET /_nuxt/v4aUUZXP.js HTTP/1.1", host: "localhost", referrer: "http://localhost/nuxt/"
2025/03/16 10:17:26 [error] 28#28: *11 open() "/var/www/html/_nuxt/1H3g2BOQ.js" failed (2: No such file or directory), client: 172.20.0.1, server: localhost, request: "GET /_nuxt/1H3g2BOQ.js HTTP/1.1", host: "localhost", referrer: "http://localhost/nuxt/"
2025/03/16 10:17:26 [error] 34#34: *8 open() "/var/www/html/_nuxt/BgAKf8B5.js" failed (2: No such file or directory), client: 172.20.0.1, server: localhost, request: "GET /_nuxt/BgAKf8B5.js HTTP/1.1", host: "localhost", referrer: "http://localhost/nuxt/"
2025/03/16 10:17:26 [error] 35#35: *10 open() "/var/www/html/_nuxt/B7eAgTCI.js" failed (2: No such file or directory), client: 172.20.0.1, server: localhost, request: "GET /_nuxt/B7eAgTCI.js HTTP/1.1", host: "localhost", referrer: "http://localhost/nuxt/"
2025/03/16 10:17:26 [error] 28#28: *9 open() "/var/www/html/_nuxt/CYuDspTg.js" failed (2: No such file or directory), client: 172.20.0.1, server: localhost, request: "GET /_nuxt/CYuDspTg.js HTTP/1.1", host: "localhost", referrer: "http://localhost/nuxt/"
2025/03/16 10:17:26 [error] 29#29: *12 open() "/var/www/html/_nuxt/Dna1Lnt8.js" failed (2: No such file or directory), client: 172.20.0.1, server: localhost, request: "GET /_nuxt/Dna1Lnt8.js HTTP/1.1", host: "localhost", referrer: "http://localhost/nuxt/"
2025/03/16 10:17:26 [error] 33#33: *7 open() "/var/www/html/_nuxt/DcQliuql.js" failed (2: No such file or directory), client: 172.20.0.1, server: localhost, request: "GET /_nuxt/DcQliuql.js HTTP/1.1", host: "localhost", referrer: "http://localhost/nuxt/"
2025/03/16 10:17:26 [error] 28#28: *9 open() "/var/www/html/_nuxt/ZES0QlV8.js" failed (2: No such file or directory), client: 172.20.0.1, server: localhost, request: "GET /_nuxt/ZES0QlV8.js HTTP/1.1", host: "localhost", referrer: "http://localhost/nuxt/"
2025/03/16 10:17:26 [error] 29#29: *12 open() "/var/www/html/_nuxt/CwkiDcxT.js" failed (2: No such file or directory), client: 172.20.0.1, server: localhost, request: "GET /_nuxt/CwkiDcxT.js HTTP/1.1", host: "localhost", referrer: "http://localhost/nuxt/"
2025/03/16 10:17:26 [error] 34#34: *8 open() "/var/www/html/_nuxt/BjhzuhzT.js" failed (2: No such file or directory), client: 172.20.0.1, server: localhost, request: "GET /_nuxt/BjhzuhzT.js HTTP/1.1", host: "localhost", referrer: "http://localhost/nuxt/"
2025/03/16 10:17:26 [error] 28#28: *11 open() "/var/www/html/_nuxt/DLpJuODT.js" failed (2: No such file or directory), client: 172.20.0.1, server: localhost, request: "GET /_nuxt/DLpJuODT.js HTTP/1.1", host: "localhost", referrer: "http://localhost/nuxt/"
2025/03/16 10:17:26 [error] 35#35: *10 open() "/var/www/html/_nuxt/D4nmmxKO.js" failed (2: No such file or directory), client: 172.20.0.1, server: localhost, request: "GET /_nuxt/D4nmmxKO.js HTTP/1.1", host: "localhost", referrer: "http://localhost/nuxt/"
2025/03/16 10:17:26 [error] 33#33: *7 open() "/var/www/html/_nuxt/DuPGq9tC.js" failed (2: No such file or directory), client: 172.20.0.1, server: localhost, request: "GET /_nuxt/DuPGq9tC.js HTTP/1.1", host: "localhost", referrer: "http://localhost/nuxt/"
2025/03/16 10:17:26 [error] 33#33: *7 open() "/var/www/html/_nuxt/CciB1k37.js" failed (2: No such file or directory), client: 172.20.0.1, server: localhost, request: "GET /_nuxt/CciB1k37.js HTTP/1.1", host: "localhost", referrer: "http://localhost/nuxt/"
2025/03/16 10:17:26 [error] 35#35: *10 open() "/var/www/html/_nuxt/0LzslLUF.js" failed (2: No such file or directory), client: 172.20.0.1, server: localhost, request: "GET /_nuxt/0LzslLUF.js HTTP/1.1", host: "localhost", referrer: "http://localhost/nuxt/"
2025/03/16 10:17:26 [error] 28#28: *9 open() "/var/www/html/_nuxt/CoRkMYgZ.js" failed (2: No such file or directory), client: 172.20.0.1, server: localhost, request: "GET /_nuxt/CoRkMYgZ.js HTTP/1.1", host: "localhost", referrer: "http://localhost/nuxt/"
2025/03/16 10:17:26 [error] 29#29: *12 open() "/var/www/html/_nuxt/BGvxICAU.js" failed (2: No such file or directory), client: 172.20.0.1, server: localhost, request: "GET /_nuxt/BGvxICAU.js HTTP/1.1", host: "localhost", referrer: "http://localhost/nuxt/"
2025/03/16 10:17:26 [error] 34#34: *8 open() "/var/www/html/_nuxt/B900lpV_.js" failed (2: No such file or directory), client: 172.20.0.1, server: localhost, request: "GET /_nuxt/B900lpV_.js HTTP/1.1", host: "localhost", referrer: "http://localhost/nuxt/"
2025/03/16 10:17:26 [error] 28#28: *11 open() "/var/www/html/_nuxt/7lZmdTZv.js" failed (2: No such file or directory), client: 172.20.0.1, server: localhost, request: "GET /_nuxt/7lZmdTZv.js HTTP/1.1", host: "localhost", referrer: "http://localhost/nuxt/"
2025/03/16 10:17:26 [error] 34#34: *8 open() "/var/www/html/_nuxt/DBC6msK_.js" failed (2: No such file or directory), client: 172.20.0.1, server: localhost, request: "GET /_nuxt/DBC6msK_.js HTTP/1.1", host: "localhost", referrer: "http://localhost/nuxt/"
2025/03/16 10:17:26 [error] 33#33: *7 open() "/var/www/html/_nuxt/Dd7-4DuK.js" failed (2: No such file or directory), client: 172.20.0.1, server: localhost, request: "GET /_nuxt/Dd7-4DuK.js HTTP/1.1", host: "localhost", referrer: "http://localhost/nuxt/"
2025/03/16 10:17:26 [error] 29#29: *12 open() "/var/www/html/_nuxt/jcmEnvVb.js" failed (2: No such file or directory), client: 172.20.0.1, server: localhost, request: "GET /_nuxt/jcmEnvVb.js HTTP/1.1", host: "localhost", referrer: "http://localhost/nuxt/"
2025/03/16 10:17:26 [error] 35#35: *10 open() "/var/www/html/_nuxt/jbtlbCHt.js" failed (2: No such file or directory), client: 172.20.0.1, server: localhost, request: "GET /_nuxt/jbtlbCHt.js HTTP/1.1", host: "localhost", referrer: "http://localhost/nuxt/"
2025/03/16 10:17:26 [error] 28#28: *11 open() "/var/www/html/_nuxt/mEAGVy2F.js" failed (2: No such file or directory), client: 172.20.0.1, server: localhost, request: "GET /_nuxt/mEAGVy2F.js HTTP/1.1", host: "localhost", referrer: "http://localhost/nuxt/"
2025/03/16 10:17:26 [error] 28#28: *9 open() "/var/www/html/_nuxt/2CnjJIjD.js" failed (2: No such file or directory), client: 172.20.0.1, server: localhost, request: "GET /_nuxt/2CnjJIjD.js HTTP/1.1", host: "localhost", referrer: "http://localhost/nuxt/"
2025/03/16 10:17:26 [error] 35#35: *10 open() "/var/www/html/_nuxt/C3jTmpZ3.js" failed (2: No such file or directory), client: 172.20.0.1, server: localhost, request: "GET /_nuxt/C3jTmpZ3.js HTTP/1.1", host: "localhost", referrer: "http://localhost/nuxt/"
2025/03/16 10:17:26 [error] 28#28: *11 open() "/var/www/html/_nuxt/CPNJLBzR.js" failed (2: No such file or directory), client: 172.20.0.1, server: localhost, request: "GET /_nuxt/CPNJLBzR.js HTTP/1.1", host: "localhost", referrer: "http://localhost/nuxt/"
2025/03/16 10:17:26 [error] 28#28: *9 open() "/var/www/html/_nuxt/Bx2sLyT3.js" failed (2: No such file or directory), client: 172.20.0.1, server: localhost, request: "GET /_nuxt/Bx2sLyT3.js HTTP/1.1", host: "localhost", referrer: "http://localhost/nuxt/"
2025/03/16 10:17:26 [error] 29#29: *12 open() "/var/www/html/_nuxt/default.DF0WjBT1.css" failed (2: No such file or directory), client: 172.20.0.1, server: localhost, request: "GET /_nuxt/default.DF0WjBT1.css HTTP/1.1", host: "localhost", referrer: "http://localhost/nuxt/"
2025/03/16 10:17:26 [error] 35#35: *10 open() "/var/www/html/_nuxt/DjeWd41R.js" failed (2: No such file or directory), client: 172.20.0.1, server: localhost, request: "GET /_nuxt/DjeWd41R.js HTTP/1.1", host: "localhost", referrer: "http://localhost/nuxt/"
2025/03/16 10:17:26 [error] 33#33: *7 open() "/var/www/html/_nuxt/BosuxZz1.js" failed (2: No such file or directory), client: 172.20.0.1, server: localhost, request: "GET /_nuxt/BosuxZz1.js HTTP/1.1", host: "localhost", referrer: "http://localhost/nuxt/"
2025/03/16 10:17:26 [error] 28#28: *11 open() "/var/www/html/_nuxt/L2QXoRq_.js" failed (2: No such file or directory), client: 172.20.0.1, server: localhost, request: "GET /_nuxt/L2QXoRq_.js HTTP/1.1", host: "localhost", referrer: "http://localhost/nuxt/"
2025/03/16 10:17:35 [error] 28#28: *13 open() "/var/www/html/_nuxt/7lZmdTZv.js" failed (2: No such file or directory), client: 172.20.0.1, server: localhost, request: "GET /_nuxt/7lZmdTZv.js HTTP/1.1", host: "localhost"
2025/03/16 10:17:35 [error] 28#28: *13 open() "/var/www/html/favicon.ico" failed (2: No such file or directory), client: 172.20.0.1, server: localhost, request: "GET /favicon.ico HTTP/1.1", host: "localhost", referrer: "http://localhost/_nuxt/7lZmdTZv.js"
2025/03/23 23:08:29 [notice] 1#1: using the "epoll" event method
2025/03/23 23:08:29 [notice] 1#1: nginx/1.27.2
2025/03/23 23:08:29 [notice] 1#1: built by gcc 12.2.0 (Debian 12.2.0-14) 
2025/03/23 23:08:29 [notice] 1#1: OS: Linux 6.10.14-linuxkit
2025/03/23 23:08:29 [notice] 1#1: getrlimit(RLIMIT_NOFILE): 1048576:1048576
2025/03/23 23:08:29 [notice] 1#1: start worker processes
2025/03/23 23:08:29 [notice] 1#1: start worker process 28
2025/03/23 23:08:29 [notice] 1#1: start worker process 29
2025/03/23 23:08:29 [notice] 1#1: start worker process 30
2025/03/23 23:08:29 [notice] 1#1: start worker process 31
2025/03/23 23:08:29 [notice] 1#1: start worker process 32
2025/03/23 23:08:29 [notice] 1#1: start worker process 33
2025/03/23 23:08:29 [notice] 1#1: start worker process 34
2025/03/23 23:08:29 [notice] 1#1: start worker process 35
2025/04/03 05:55:55 [notice] 1#1: signal 3 (SIGQUIT) received, shutting down
2025/04/03 05:55:55 [notice] 28#28: gracefully shutting down
2025/04/03 05:55:55 [notice] 29#29: gracefully shutting down
2025/04/03 05:55:55 [notice] 31#31: gracefully shutting down
2025/04/03 05:55:55 [notice] 30#30: gracefully shutting down
2025/04/03 05:55:55 [notice] 33#33: gracefully shutting down
2025/04/03 05:55:55 [notice] 32#32: gracefully shutting down
2025/04/03 05:55:55 [notice] 34#34: gracefully shutting down
2025/04/03 05:55:55 [notice] 28#28: exiting
2025/04/03 05:55:55 [notice] 34#34: exiting
2025/04/03 05:55:55 [notice] 29#29: exiting
2025/04/03 05:55:55 [notice] 32#32: exiting
2025/04/03 05:55:55 [notice] 29#29: exit
2025/04/03 05:55:55 [notice] 30#30: exiting
2025/04/03 05:55:55 [notice] 35#35: gracefully shutting down
2025/04/03 05:55:55 [notice] 35#35: exiting
2025/04/03 05:55:55 [notice] 31#31: exiting
2025/04/03 05:55:55 [notice] 31#31: exit
2025/04/03 05:55:55 [notice] 33#33: exiting
2025/04/03 05:55:55 [notice] 32#32: exit
2025/04/03 05:55:55 [notice] 34#34: exit
2025/04/03 05:55:55 [notice] 28#28: exit
2025/04/03 05:55:55 [notice] 33#33: exit
2025/04/03 05:55:55 [notice] 30#30: exit
2025/04/03 05:55:55 [notice] 35#35: exit
2025/04/03 05:55:55 [notice] 1#1: signal 17 (SIGCHLD) received from 28
2025/04/03 05:55:55 [notice] 1#1: worker process 28 exited with code 0
2025/04/03 05:55:55 [notice] 1#1: worker process 34 exited with code 0
2025/04/03 05:55:55 [notice] 1#1: worker process 31 exited with code 0
2025/04/03 05:55:55 [notice] 1#1: signal 29 (SIGIO) received
2025/04/03 05:55:55 [notice] 1#1: signal 17 (SIGCHLD) received from 34
2025/04/03 05:55:55 [notice] 1#1: signal 17 (SIGCHLD) received from 30
2025/04/03 05:55:55 [notice] 1#1: worker process 29 exited with code 0
2025/04/03 05:55:55 [notice] 1#1: worker process 30 exited with code 0
2025/04/03 05:55:55 [notice] 1#1: signal 29 (SIGIO) received
2025/04/03 05:55:55 [notice] 1#1: signal 17 (SIGCHLD) received from 29
2025/04/03 05:55:55 [notice] 1#1: worker process 32 exited with code 0
2025/04/03 05:55:55 [notice] 1#1: worker process 33 exited with code 0
2025/04/03 05:55:55 [notice] 1#1: worker process 35 exited with code 0
2025/04/03 05:55:55 [notice] 1#1: exit
2025/04/06 12:25:56 [notice] 1#1: using the "epoll" event method
2025/04/06 12:25:56 [notice] 1#1: nginx/1.27.2
2025/04/06 12:25:56 [notice] 1#1: built by gcc 12.2.0 (Debian 12.2.0-14) 
2025/04/06 12:25:56 [notice] 1#1: OS: Linux 6.10.14-linuxkit
2025/04/06 12:25:56 [notice] 1#1: getrlimit(RLIMIT_NOFILE): 1048576:1048576
2025/04/06 12:25:56 [notice] 1#1: start worker processes
2025/04/06 12:25:56 [notice] 1#1: start worker process 28
2025/04/06 12:25:56 [notice] 1#1: start worker process 29
2025/04/06 12:25:56 [notice] 1#1: start worker process 30
2025/04/06 12:25:56 [notice] 1#1: start worker process 31
2025/04/06 12:25:56 [notice] 1#1: start worker process 32
2025/04/06 12:25:56 [notice] 1#1: start worker process 33
2025/04/06 12:25:56 [notice] 1#1: start worker process 34
2025/04/06 12:25:56 [notice] 1#1: start worker process 35
2025/04/14 12:10:37 [error] 28#28: *1 open() "/var/www/html/favicon.ico" failed (2: No such file or directory), client: 172.20.0.1, server: localhost, request: "GET /favicon.ico HTTP/1.1", host: "localhost", referrer: "http://localhost/"
2025/04/25 12:29:33 [notice] 1#1: using the "epoll" event method
2025/04/25 12:29:33 [notice] 1#1: nginx/1.27.2
2025/04/25 12:29:33 [notice] 1#1: built by gcc 12.2.0 (Debian 12.2.0-14) 
2025/04/25 12:29:33 [notice] 1#1: OS: Linux 6.10.14-linuxkit
2025/04/25 12:29:33 [notice] 1#1: getrlimit(RLIMIT_NOFILE): 1048576:1048576
2025/04/25 12:29:33 [notice] 1#1: start worker processes
2025/04/25 12:29:33 [notice] 1#1: start worker process 28
2025/04/25 12:29:33 [notice] 1#1: start worker process 29
2025/04/25 12:29:33 [notice] 1#1: start worker process 30
2025/04/25 12:29:33 [notice] 1#1: start worker process 31
2025/04/25 12:29:33 [notice] 1#1: start worker process 32
2025/04/25 12:29:33 [notice] 1#1: start worker process 33
2025/04/25 12:29:33 [notice] 1#1: start worker process 34
2025/04/25 12:29:33 [notice] 1#1: start worker process 35
2025/04/26 05:12:32 [error] 28#28: *3 open() "/var/www/html/storage/01jsr7w1e9kjxb3b22hn047pgy/Logo-Bimantara-Mitra-Integrasindo.png" failed (2: No such file or directory), client: 172.20.0.1, server: localhost, request: "GET /storage/01jsr7w1e9kjxb3b22hn047pgy/Logo-Bimantara-Mitra-Integrasindo.png HTTP/1.1", host: "localhost", referrer: "http://localhost:5000/"
2025/04/26 05:12:32 [error] 30#30: *2 open() "/var/www/html/storage/01jsr7wd6ccanrxmmp02z5avcq/Logo-Bimantara-Mitra-Integrasindo.png" failed (2: No such file or directory), client: 172.20.0.1, server: localhost, request: "GET /storage/01jsr7wd6ccanrxmmp02z5avcq/Logo-Bimantara-Mitra-Integrasindo.png HTTP/1.1", host: "localhost", referrer: "http://localhost:5000/"
2025/04/26 05:12:32 [error] 29#29: *1 open() "/var/www/html/storage/01jsr7syktga19qbxvyxfnf7b6/Logo-Bimantara-Mitra-Integrasindo.png" failed (2: No such file or directory), client: 172.20.0.1, server: localhost, request: "GET /storage/01jsr7syktga19qbxvyxfnf7b6/Logo-Bimantara-Mitra-Integrasindo.png HTTP/1.1", host: "localhost", referrer: "http://localhost:5000/"
2025/04/26 05:12:54 [error] 31#31: *4 open() "/var/www/html/storage/01jsr7w1e9kjxb3b22hn047pgy/Logo-Bimantara-Mitra-Integrasindo.png" failed (2: No such file or directory), client: 172.20.0.1, server: localhost, request: "GET /storage/01jsr7w1e9kjxb3b22hn047pgy/Logo-Bimantara-Mitra-Integrasindo.png HTTP/1.1", host: "localhost", referrer: "http://localhost:5000/"
2025/04/26 05:12:54 [error] 32#32: *5 open() "/var/www/html/storage/01jsr7wd6ccanrxmmp02z5avcq/Logo-Bimantara-Mitra-Integrasindo.png" failed (2: No such file or directory), client: 172.20.0.1, server: localhost, request: "GET /storage/01jsr7wd6ccanrxmmp02z5avcq/Logo-Bimantara-Mitra-Integrasindo.png HTTP/1.1", host: "localhost", referrer: "http://localhost:5000/"
2025/04/26 05:12:54 [error] 33#33: *6 open() "/var/www/html/storage/01jsr7syktga19qbxvyxfnf7b6/Logo-Bimantara-Mitra-Integrasindo.png" failed (2: No such file or directory), client: 172.20.0.1, server: localhost, request: "GET /storage/01jsr7syktga19qbxvyxfnf7b6/Logo-Bimantara-Mitra-Integrasindo.png HTTP/1.1", host: "localhost", referrer: "http://localhost:5000/"
2025/04/26 05:13:22 [error] 34#34: *7 open() "/var/www/html/storage/01jsr7wd6ccanrxmmp02z5avcq/Logo-Bimantara-Mitra-Integrasindo.png" failed (2: No such file or directory), client: 172.20.0.1, server: localhost, request: "GET /storage/01jsr7wd6ccanrxmmp02z5avcq/Logo-Bimantara-Mitra-Integrasindo.png HTTP/1.1", host: "localhost"
2025/04/26 05:13:22 [error] 34#34: *7 open() "/var/www/html/favicon.ico" failed (2: No such file or directory), client: 172.20.0.1, server: localhost, request: "GET /favicon.ico HTTP/1.1", host: "localhost", referrer: "http://localhost/storage/01jsr7wd6ccanrxmmp02z5avcq/Logo-Bimantara-Mitra-Integrasindo.png"
2025/04/26 05:13:35 [error] 35#35: *8 open() "/var/www/html/storage/01jsr7wd6ccanrxmmp02z5avcq/Logo-Bimantara-Mitra-Integrasindo.png" failed (2: No such file or directory), client: 172.20.0.1, server: localhost, request: "GET /storage/01jsr7wd6ccanrxmmp02z5avcq/Logo-Bimantara-Mitra-Integrasindo.png HTTP/1.1", host: "localhost"
2025/04/28 04:13:59 [error] 29#29: *9 open() "/var/www/html/favicon.ico" failed (2: No such file or directory), client: 172.20.0.1, server: localhost, request: "GET /favicon.ico HTTP/1.1", host: "localhost", referrer: "http://localhost/"
2025/05/13 06:15:24 [error] 29#29: *11 open() "/var/www/html/favicon.ico" failed (2: No such file or directory), client: 172.20.0.1, server: localhost, request: "GET /favicon.ico HTTP/1.1", host: "localhost", referrer: "http://localhost/"
2025/05/15 08:33:52 [error] 29#29: *13 open() "/var/www/html/print/invoice/file" failed (2: No such file or directory), client: 172.20.0.1, server: localhost, request: "GET /print/invoice/file?order_id=01jmd10sm2wf7xf0f3dffkq2xm HTTP/1.1", host: "host.docker.internal"
2025/05/15 08:33:52 [error] 29#29: *13 open() "/var/www/html/favicon.ico" failed (2: No such file or directory), client: 172.20.0.1, server: localhost, request: "GET /favicon.ico HTTP/1.1", host: "host.docker.internal", referrer: "http://host.docker.internal/print/invoice/file?order_id=01jmd10sm2wf7xf0f3dffkq2xm"
2025/05/15 08:35:55 [error] 29#29: *15 open() "/var/www/html/print/invoice/html" failed (2: No such file or directory), client: 172.20.0.1, server: localhost, request: "GET /print/invoice/html?order_id=01jmd10sm2wf7xf0f3dffkq2xm HTTP/1.1", host: "host.docker.internal"
2025/05/17 09:29:06 [error] 29#29: *20 open() "/var/www/html/storage/01jtvq9gmh54g0emm1d5edd5by/Screenshot-2025-05-10-at-06.49.47.png" failed (2: No such file or directory), client: 172.20.0.1, server: localhost, request: "GET /storage/01jtvq9gmh54g0emm1d5edd5by/Screenshot-2025-05-10-at-06.49.47.png HTTP/1.1", host: "localhost"
2025/05/17 09:29:06 [error] 35#35: *18 open() "/var/www/html/storage/01jtvqaw11ha7jayx63dk3wa6y/Screenshot-2025-05-10-at-06.50.37.png" failed (2: No such file or directory), client: 172.20.0.1, server: localhost, request: "GET /storage/01jtvqaw11ha7jayx63dk3wa6y/Screenshot-2025-05-10-at-06.50.37.png HTTP/1.1", host: "localhost"
2025/05/17 09:29:06 [error] 29#29: *17 open() "/var/www/html/storage/01jtvqb942fj0ag34nd8ga9472/Screenshot-2025-05-10-at-06.46.05.png" failed (2: No such file or directory), client: 172.20.0.1, server: localhost, request: "GET /storage/01jtvqb942fj0ag34nd8ga9472/Screenshot-2025-05-10-at-06.46.05.png HTTP/1.1", host: "localhost"
2025/05/17 09:29:06 [error] 30#30: *22 open() "/var/www/html/storage/01jtvqcnbs2afynpsz2618fchb/Screenshot-2025-05-10-at-06.47.25.png" failed (2: No such file or directory), client: 172.20.0.1, server: localhost, request: "GET /storage/01jtvqcnbs2afynpsz2618fchb/Screenshot-2025-05-10-at-06.47.25.png HTTP/1.1", host: "localhost"
2025/05/17 09:29:06 [error] 35#35: *19 open() "/var/www/html/storage/01jtvqc7rqb1ksfqmq6sw9c7b4/Screenshot-2025-05-10-at-06.51.23.png" failed (2: No such file or directory), client: 172.20.0.1, server: localhost, request: "GET /storage/01jtvqc7rqb1ksfqmq6sw9c7b4/Screenshot-2025-05-10-at-06.51.23.png HTTP/1.1", host: "localhost"
2025/05/17 09:29:06 [error] 35#35: *25 open() "/var/www/html/storage/01jtvqd8v864a90x2gyfj8ezn9/Screenshot-2025-05-10-at-06.45.56.png" failed (2: No such file or directory), client: 172.20.0.1, server: localhost, request: "GET /storage/01jtvqd8v864a90x2gyfj8ezn9/Screenshot-2025-05-10-at-06.45.56.png HTTP/1.1", host: "localhost"
2025/05/17 09:29:29 [error] 28#28: *35 open() "/var/www/html/storage/01jtvqcnbs2afynpsz2618fchb/Screenshot-2025-05-10-at-06.47.25.png" failed (2: No such file or directory), client: 172.20.0.1, server: localhost, request: "GET /storage/01jtvqcnbs2afynpsz2618fchb/Screenshot-2025-05-10-at-06.47.25.png HTTP/1.1", host: "localhost"
2025/05/17 09:29:29 [error] 30#30: *33 open() "/var/www/html/storage/01jtvqd8v864a90x2gyfj8ezn9/Screenshot-2025-05-10-at-06.45.56.png" failed (2: No such file or directory), client: 172.20.0.1, server: localhost, request: "GET /storage/01jtvqd8v864a90x2gyfj8ezn9/Screenshot-2025-05-10-at-06.45.56.png HTTP/1.1", host: "localhost"
2025/05/17 09:29:29 [error] 34#34: *37 open() "/var/www/html/storage/01jtvqaw11ha7jayx63dk3wa6y/Screenshot-2025-05-10-at-06.50.37.png" failed (2: No such file or directory), client: 172.20.0.1, server: localhost, request: "GET /storage/01jtvqaw11ha7jayx63dk3wa6y/Screenshot-2025-05-10-at-06.50.37.png HTTP/1.1", host: "localhost"
2025/05/17 09:29:29 [error] 30#30: *34 open() "/var/www/html/storage/01jtvq9gmh54g0emm1d5edd5by/Screenshot-2025-05-10-at-06.49.47.png" failed (2: No such file or directory), client: 172.20.0.1, server: localhost, request: "GET /storage/01jtvq9gmh54g0emm1d5edd5by/Screenshot-2025-05-10-at-06.49.47.png HTTP/1.1", host: "localhost"
2025/05/17 09:29:29 [error] 29#29: *38 open() "/var/www/html/storage/01jtvqb942fj0ag34nd8ga9472/Screenshot-2025-05-10-at-06.46.05.png" failed (2: No such file or directory), client: 172.20.0.1, server: localhost, request: "GET /storage/01jtvqb942fj0ag34nd8ga9472/Screenshot-2025-05-10-at-06.46.05.png HTTP/1.1", host: "localhost"
2025/05/17 09:29:29 [error] 29#29: *40 open() "/var/www/html/storage/01jtvqc7rqb1ksfqmq6sw9c7b4/Screenshot-2025-05-10-at-06.51.23.png" failed (2: No such file or directory), client: 172.20.0.1, server: localhost, request: "GET /storage/01jtvqc7rqb1ksfqmq6sw9c7b4/Screenshot-2025-05-10-at-06.51.23.png HTTP/1.1", host: "localhost"
2025/05/17 09:29:55 [error] 28#28: *42 open() "/var/www/html/storage/01jtvq9gmh54g0emm1d5edd5by/Screenshot-2025-05-10-at-06.49.47.png" failed (2: No such file or directory), client: 172.20.0.1, server: localhost, request: "GET /storage/01jtvq9gmh54g0emm1d5edd5by/Screenshot-2025-05-10-at-06.49.47.png HTTP/1.1", host: "localhost"
2025/05/17 09:29:55 [error] 29#29: *45 open() "/var/www/html/storage/01jtvqd8v864a90x2gyfj8ezn9/Screenshot-2025-05-10-at-06.45.56.png" failed (2: No such file or directory), client: 172.20.0.1, server: localhost, request: "GET /storage/01jtvqd8v864a90x2gyfj8ezn9/Screenshot-2025-05-10-at-06.45.56.png HTTP/1.1", host: "localhost"
2025/05/17 09:29:55 [error] 28#28: *44 open() "/var/www/html/storage/01jtvqaw11ha7jayx63dk3wa6y/Screenshot-2025-05-10-at-06.50.37.png" failed (2: No such file or directory), client: 172.20.0.1, server: localhost, request: "GET /storage/01jtvqaw11ha7jayx63dk3wa6y/Screenshot-2025-05-10-at-06.50.37.png HTTP/1.1", host: "localhost"
2025/05/17 09:29:55 [error] 29#29: *43 open() "/var/www/html/storage/01jtvqcnbs2afynpsz2618fchb/Screenshot-2025-05-10-at-06.47.25.png" failed (2: No such file or directory), client: 172.20.0.1, server: localhost, request: "GET /storage/01jtvqcnbs2afynpsz2618fchb/Screenshot-2025-05-10-at-06.47.25.png HTTP/1.1", host: "localhost"
2025/05/17 09:29:55 [error] 29#29: *41 open() "/var/www/html/storage/01jtvqb942fj0ag34nd8ga9472/Screenshot-2025-05-10-at-06.46.05.png" failed (2: No such file or directory), client: 172.20.0.1, server: localhost, request: "GET /storage/01jtvqb942fj0ag34nd8ga9472/Screenshot-2025-05-10-at-06.46.05.png HTTP/1.1", host: "localhost"
2025/05/17 09:29:55 [error] 29#29: *46 open() "/var/www/html/storage/01jtvqc7rqb1ksfqmq6sw9c7b4/Screenshot-2025-05-10-at-06.51.23.png" failed (2: No such file or directory), client: 172.20.0.1, server: localhost, request: "GET /storage/01jtvqc7rqb1ksfqmq6sw9c7b4/Screenshot-2025-05-10-at-06.51.23.png HTTP/1.1", host: "localhost"
2025/05/17 09:30:01 [error] 28#28: *53 open() "/var/www/html/storage/01jtvq9gmh54g0emm1d5edd5by/Screenshot-2025-05-10-at-06.49.47.png" failed (2: No such file or directory), client: 172.20.0.1, server: localhost, request: "GET /storage/01jtvq9gmh54g0emm1d5edd5by/Screenshot-2025-05-10-at-06.49.47.png HTTP/1.1", host: "localhost"
2025/05/17 09:30:01 [error] 28#28: *55 open() "/var/www/html/storage/01jtvqd8v864a90x2gyfj8ezn9/Screenshot-2025-05-10-at-06.45.56.png" failed (2: No such file or directory), client: 172.20.0.1, server: localhost, request: "GET /storage/01jtvqd8v864a90x2gyfj8ezn9/Screenshot-2025-05-10-at-06.45.56.png HTTP/1.1", host: "localhost"
2025/05/17 09:30:01 [error] 32#32: *56 open() "/var/www/html/storage/01jtvqcnbs2afynpsz2618fchb/Screenshot-2025-05-10-at-06.47.25.png" failed (2: No such file or directory), client: 172.20.0.1, server: localhost, request: "GET /storage/01jtvqcnbs2afynpsz2618fchb/Screenshot-2025-05-10-at-06.47.25.png HTTP/1.1", host: "localhost"
2025/05/17 09:30:01 [error] 30#30: *61 open() "/var/www/html/storage/01jtvqc7rqb1ksfqmq6sw9c7b4/Screenshot-2025-05-10-at-06.51.23.png" failed (2: No such file or directory), client: 172.20.0.1, server: localhost, request: "GET /storage/01jtvqc7rqb1ksfqmq6sw9c7b4/Screenshot-2025-05-10-at-06.51.23.png HTTP/1.1", host: "localhost"
2025/05/17 09:30:01 [error] 28#28: *54 open() "/var/www/html/storage/01jtvqaw11ha7jayx63dk3wa6y/Screenshot-2025-05-10-at-06.50.37.png" failed (2: No such file or directory), client: 172.20.0.1, server: localhost, request: "GET /storage/01jtvqaw11ha7jayx63dk3wa6y/Screenshot-2025-05-10-at-06.50.37.png HTTP/1.1", host: "localhost"
2025/05/17 09:30:01 [error] 31#31: *64 open() "/var/www/html/storage/01jtvqb942fj0ag34nd8ga9472/Screenshot-2025-05-10-at-06.46.05.png" failed (2: No such file or directory), client: 172.20.0.1, server: localhost, request: "GET /storage/01jtvqb942fj0ag34nd8ga9472/Screenshot-2025-05-10-at-06.46.05.png HTTP/1.1", host: "localhost"
2025/05/17 09:36:51 [error] 32#32: *73 open() "/var/www/html/storage/01jtvqc7rqb1ksfqmq6sw9c7b4/Screenshot-2025-05-10-at-06.51.23.png" failed (2: No such file or directory), client: 172.20.0.1, server: localhost, request: "GET /storage/01jtvqc7rqb1ksfqmq6sw9c7b4/Screenshot-2025-05-10-at-06.51.23.png HTTP/1.1", host: "localhost"
2025/05/17 09:36:51 [error] 28#28: *66 open() "/var/www/html/storage/01jtvqcnbs2afynpsz2618fchb/Screenshot-2025-05-10-at-06.47.25.png" failed (2: No such file or directory), client: 172.20.0.1, server: localhost, request: "GET /storage/01jtvqcnbs2afynpsz2618fchb/Screenshot-2025-05-10-at-06.47.25.png HTTP/1.1", host: "localhost"
2025/05/17 09:36:51 [error] 32#32: *67 open() "/var/www/html/storage/01jtvq9gmh54g0emm1d5edd5by/Screenshot-2025-05-10-at-06.49.47.png" failed (2: No such file or directory), client: 172.20.0.1, server: localhost, request: "GET /storage/01jtvq9gmh54g0emm1d5edd5by/Screenshot-2025-05-10-at-06.49.47.png HTTP/1.1", host: "localhost"
2025/05/17 09:36:51 [error] 32#32: *68 open() "/var/www/html/storage/01jtvqaw11ha7jayx63dk3wa6y/Screenshot-2025-05-10-at-06.50.37.png" failed (2: No such file or directory), client: 172.20.0.1, server: localhost, request: "GET /storage/01jtvqaw11ha7jayx63dk3wa6y/Screenshot-2025-05-10-at-06.50.37.png HTTP/1.1", host: "localhost"
2025/05/17 09:36:51 [error] 32#32: *69 open() "/var/www/html/storage/01jtvqb942fj0ag34nd8ga9472/Screenshot-2025-05-10-at-06.46.05.png" failed (2: No such file or directory), client: 172.20.0.1, server: localhost, request: "GET /storage/01jtvqb942fj0ag34nd8ga9472/Screenshot-2025-05-10-at-06.46.05.png HTTP/1.1", host: "localhost"
2025/05/17 09:36:51 [error] 32#32: *65 open() "/var/www/html/storage/01jtvqd8v864a90x2gyfj8ezn9/Screenshot-2025-05-10-at-06.45.56.png" failed (2: No such file or directory), client: 172.20.0.1, server: localhost, request: "GET /storage/01jtvqd8v864a90x2gyfj8ezn9/Screenshot-2025-05-10-at-06.45.56.png HTTP/1.1", host: "localhost"
2025/05/17 09:36:55 [error] 30#30: *82 open() "/var/www/html/storage/01jtvqb942fj0ag34nd8ga9472/Screenshot-2025-05-10-at-06.46.05.png" failed (2: No such file or directory), client: 172.20.0.1, server: localhost, request: "GET /storage/01jtvqb942fj0ag34nd8ga9472/Screenshot-2025-05-10-at-06.46.05.png HTTP/1.1", host: "localhost"
2025/05/17 09:36:55 [error] 30#30: *79 open() "/var/www/html/storage/01jtvqd8v864a90x2gyfj8ezn9/Screenshot-2025-05-10-at-06.45.56.png" failed (2: No such file or directory), client: 172.20.0.1, server: localhost, request: "GET /storage/01jtvqd8v864a90x2gyfj8ezn9/Screenshot-2025-05-10-at-06.45.56.png HTTP/1.1", host: "localhost"
2025/05/17 09:36:55 [error] 30#30: *78 open() "/var/www/html/storage/01jtvq9gmh54g0emm1d5edd5by/Screenshot-2025-05-10-at-06.49.47.png" failed (2: No such file or directory), client: 172.20.0.1, server: localhost, request: "GET /storage/01jtvq9gmh54g0emm1d5edd5by/Screenshot-2025-05-10-at-06.49.47.png HTTP/1.1", host: "localhost"
2025/05/17 09:36:55 [error] 30#30: *80 open() "/var/www/html/storage/01jtvqcnbs2afynpsz2618fchb/Screenshot-2025-05-10-at-06.47.25.png" failed (2: No such file or directory), client: 172.20.0.1, server: localhost, request: "GET /storage/01jtvqcnbs2afynpsz2618fchb/Screenshot-2025-05-10-at-06.47.25.png HTTP/1.1", host: "localhost"
2025/05/17 09:36:55 [error] 30#30: *81 open() "/var/www/html/storage/01jtvqc7rqb1ksfqmq6sw9c7b4/Screenshot-2025-05-10-at-06.51.23.png" failed (2: No such file or directory), client: 172.20.0.1, server: localhost, request: "GET /storage/01jtvqc7rqb1ksfqmq6sw9c7b4/Screenshot-2025-05-10-at-06.51.23.png HTTP/1.1", host: "localhost"
2025/05/17 09:36:55 [error] 30#30: *77 open() "/var/www/html/storage/01jtvqaw11ha7jayx63dk3wa6y/Screenshot-2025-05-10-at-06.50.37.png" failed (2: No such file or directory), client: 172.20.0.1, server: localhost, request: "GET /storage/01jtvqaw11ha7jayx63dk3wa6y/Screenshot-2025-05-10-at-06.50.37.png HTTP/1.1", host: "localhost"
2025/05/17 09:37:17 [error] 28#28: *94 open() "/var/www/html/storage/01jtvqb942fj0ag34nd8ga9472/Screenshot-2025-05-10-at-06.46.05.png" failed (2: No such file or directory), client: 172.20.0.1, server: localhost, request: "GET /storage/01jtvqb942fj0ag34nd8ga9472/Screenshot-2025-05-10-at-06.46.05.png HTTP/1.1", host: "localhost"
2025/05/17 09:37:17 [error] 28#28: *93 open() "/var/www/html/storage/01jtvqcnbs2afynpsz2618fchb/Screenshot-2025-05-10-at-06.47.25.png" failed (2: No such file or directory), client: 172.20.0.1, server: localhost, request: "GET /storage/01jtvqcnbs2afynpsz2618fchb/Screenshot-2025-05-10-at-06.47.25.png HTTP/1.1", host: "localhost"
2025/05/17 09:37:17 [error] 28#28: *89 open() "/var/www/html/storage/01jtvqc7rqb1ksfqmq6sw9c7b4/Screenshot-2025-05-10-at-06.51.23.png" failed (2: No such file or directory), client: 172.20.0.1, server: localhost, request: "GET /storage/01jtvqc7rqb1ksfqmq6sw9c7b4/Screenshot-2025-05-10-at-06.51.23.png HTTP/1.1", host: "localhost"
2025/05/17 09:37:17 [error] 28#28: *90 open() "/var/www/html/storage/01jtvqaw11ha7jayx63dk3wa6y/Screenshot-2025-05-10-at-06.50.37.png" failed (2: No such file or directory), client: 172.20.0.1, server: localhost, request: "GET /storage/01jtvqaw11ha7jayx63dk3wa6y/Screenshot-2025-05-10-at-06.50.37.png HTTP/1.1", host: "localhost"
2025/05/17 09:37:17 [error] 28#28: *91 open() "/var/www/html/storage/01jtvqd8v864a90x2gyfj8ezn9/Screenshot-2025-05-10-at-06.45.56.png" failed (2: No such file or directory), client: 172.20.0.1, server: localhost, request: "GET /storage/01jtvqd8v864a90x2gyfj8ezn9/Screenshot-2025-05-10-at-06.45.56.png HTTP/1.1", host: "localhost"
2025/05/17 09:37:17 [error] 28#28: *92 open() "/var/www/html/storage/01jtvq9gmh54g0emm1d5edd5by/Screenshot-2025-05-10-at-06.49.47.png" failed (2: No such file or directory), client: 172.20.0.1, server: localhost, request: "GET /storage/01jtvq9gmh54g0emm1d5edd5by/Screenshot-2025-05-10-at-06.49.47.png HTTP/1.1", host: "localhost"
2025/05/17 09:37:20 [error] 31#31: *101 open() "/var/www/html/storage/01jtvq9gmh54g0emm1d5edd5by/Screenshot-2025-05-10-at-06.49.47.png" failed (2: No such file or directory), client: 172.20.0.1, server: localhost, request: "GET /storage/01jtvq9gmh54g0emm1d5edd5by/Screenshot-2025-05-10-at-06.49.47.png HTTP/1.1", host: "localhost"
2025/05/17 09:37:51 [error] 33#33: *104 open() "/var/www/html/storage/01jtvq9gmh54g0emm1d5edd5by/Screenshot-2025-05-10-at-06.49.47.png" failed (2: No such file or directory), client: 172.20.0.1, server: localhost, request: "GET /storage/01jtvq9gmh54g0emm1d5edd5by/Screenshot-2025-05-10-at-06.49.47.png HTTP/1.1", host: "localhost"
2025/05/17 09:37:51 [error] 33#33: *105 open() "/var/www/html/storage/01jvespssqdmh9z58sf85tjjy6/Screenshot-2025-05-10-at-06.47.16.png" failed (2: No such file or directory), client: 172.20.0.1, server: localhost, request: "GET /storage/01jvespssqdmh9z58sf85tjjy6/Screenshot-2025-05-10-at-06.47.16.png HTTP/1.1", host: "localhost"
2025/05/17 09:38:05 [error] 29#29: *115 open() "/var/www/html/storage/01jtvqcnbs2afynpsz2618fchb/Screenshot-2025-05-10-at-06.47.25.png" failed (2: No such file or directory), client: 172.20.0.1, server: localhost, request: "GET /storage/01jtvqcnbs2afynpsz2618fchb/Screenshot-2025-05-10-at-06.47.25.png HTTP/1.1", host: "localhost"
2025/05/17 09:38:05 [error] 28#28: *111 open() "/var/www/html/storage/01jtvqd8v864a90x2gyfj8ezn9/Screenshot-2025-05-10-at-06.45.56.png" failed (2: No such file or directory), client: 172.20.0.1, server: localhost, request: "GET /storage/01jtvqd8v864a90x2gyfj8ezn9/Screenshot-2025-05-10-at-06.45.56.png HTTP/1.1", host: "localhost"
2025/05/17 09:38:05 [error] 28#28: *117 open() "/var/www/html/storage/01jtvqc7rqb1ksfqmq6sw9c7b4/Screenshot-2025-05-10-at-06.51.23.png" failed (2: No such file or directory), client: 172.20.0.1, server: localhost, request: "GET /storage/01jtvqc7rqb1ksfqmq6sw9c7b4/Screenshot-2025-05-10-at-06.51.23.png HTTP/1.1", host: "localhost"
2025/05/17 09:38:05 [error] 28#28: *106 open() "/var/www/html/storage/01jtvqb942fj0ag34nd8ga9472/Screenshot-2025-05-10-at-06.46.05.png" failed (2: No such file or directory), client: 172.20.0.1, server: localhost, request: "GET /storage/01jtvqb942fj0ag34nd8ga9472/Screenshot-2025-05-10-at-06.46.05.png HTTP/1.1", host: "localhost"
2025/05/17 09:38:05 [error] 29#29: *114 open() "/var/www/html/storage/01jtvqaw11ha7jayx63dk3wa6y/Screenshot-2025-05-10-at-06.50.37.png" failed (2: No such file or directory), client: 172.20.0.1, server: localhost, request: "GET /storage/01jtvqaw11ha7jayx63dk3wa6y/Screenshot-2025-05-10-at-06.50.37.png HTTP/1.1", host: "localhost"
2025/05/17 09:38:05 [error] 28#28: *107 open() "/var/www/html/storage/01jvespssqdmh9z58sf85tjjy6/Screenshot-2025-05-10-at-06.47.16.png" failed (2: No such file or directory), client: 172.20.0.1, server: localhost, request: "GET /storage/01jvespssqdmh9z58sf85tjjy6/Screenshot-2025-05-10-at-06.47.16.png HTTP/1.1", host: "localhost"
2025/05/17 09:38:07 [error] 31#31: *118 open() "/var/www/html/storage/01jvespssqdmh9z58sf85tjjy6/Screenshot-2025-05-10-at-06.47.16.png" failed (2: No such file or directory), client: 172.20.0.1, server: localhost, request: "GET /storage/01jvespssqdmh9z58sf85tjjy6/Screenshot-2025-05-10-at-06.47.16.png HTTP/1.1", host: "localhost"
2025/05/17 09:38:18 [error] 31#31: *120 open() "/var/www/html/storage/01jvespssqdmh9z58sf85tjjy6/Screenshot-2025-05-10-at-06.47.16.png" failed (2: No such file or directory), client: 172.20.0.1, server: localhost, request: "GET /storage/01jvespssqdmh9z58sf85tjjy6/Screenshot-2025-05-10-at-06.47.16.png HTTP/1.1", host: "localhost"
2025/05/17 09:38:18 [error] 31#31: *121 open() "/var/www/html/storage/01jvesqm8cxrzxbvr1byb5aec6/Screenshot-2025-05-10-at-06.45.56.png" failed (2: No such file or directory), client: 172.20.0.1, server: localhost, request: "GET /storage/01jvesqm8cxrzxbvr1byb5aec6/Screenshot-2025-05-10-at-06.45.56.png HTTP/1.1", host: "localhost"
2025/05/17 09:40:05 [error] 29#29: *123 open() "/var/www/html/storage/01jtvqc7rqb1ksfqmq6sw9c7b4/Screenshot-2025-05-10-at-06.51.23.png" failed (2: No such file or directory), client: 172.20.0.1, server: localhost, request: "GET /storage/01jtvqc7rqb1ksfqmq6sw9c7b4/Screenshot-2025-05-10-at-06.51.23.png HTTP/1.1", host: "localhost"
2025/05/17 09:40:05 [error] 31#31: *129 open() "/var/www/html/storage/01jtvqcnbs2afynpsz2618fchb/Screenshot-2025-05-10-at-06.47.25.png" failed (2: No such file or directory), client: 172.20.0.1, server: localhost, request: "GET /storage/01jtvqcnbs2afynpsz2618fchb/Screenshot-2025-05-10-at-06.47.25.png HTTP/1.1", host: "localhost"
2025/05/17 09:40:05 [error] 29#29: *126 open() "/var/www/html/storage/01jtvqaw11ha7jayx63dk3wa6y/Screenshot-2025-05-10-at-06.50.37.png" failed (2: No such file or directory), client: 172.20.0.1, server: localhost, request: "GET /storage/01jtvqaw11ha7jayx63dk3wa6y/Screenshot-2025-05-10-at-06.50.37.png HTTP/1.1", host: "localhost"
2025/05/17 09:40:05 [error] 31#31: *122 open() "/var/www/html/storage/01jtvqd8v864a90x2gyfj8ezn9/Screenshot-2025-05-10-at-06.45.56.png" failed (2: No such file or directory), client: 172.20.0.1, server: localhost, request: "GET /storage/01jtvqd8v864a90x2gyfj8ezn9/Screenshot-2025-05-10-at-06.45.56.png HTTP/1.1", host: "localhost"
2025/05/17 09:40:05 [error] 29#29: *124 open() "/var/www/html/storage/01jtvqb942fj0ag34nd8ga9472/Screenshot-2025-05-10-at-06.46.05.png" failed (2: No such file or directory), client: 172.20.0.1, server: localhost, request: "GET /storage/01jtvqb942fj0ag34nd8ga9472/Screenshot-2025-05-10-at-06.46.05.png HTTP/1.1", host: "localhost"
2025/05/17 09:40:05 [error] 31#31: *125 open() "/var/www/html/storage/01jvesqm8cxrzxbvr1byb5aec6/Screenshot-2025-05-10-at-06.45.56.png" failed (2: No such file or directory), client: 172.20.0.1, server: localhost, request: "GET /storage/01jvesqm8cxrzxbvr1byb5aec6/Screenshot-2025-05-10-at-06.45.56.png HTTP/1.1", host: "localhost"
2025/05/22 01:52:51 [notice] 1#1: signal 3 (SIGQUIT) received, shutting down
2025/05/22 01:52:51 [notice] 31#31: gracefully shutting down
2025/05/22 01:52:51 [notice] 31#31: exiting
2025/05/22 01:52:51 [notice] 35#35: gracefully shutting down
2025/05/22 01:52:51 [notice] 32#32: gracefully shutting down
2025/05/22 01:52:51 [notice] 30#30: gracefully shutting down
2025/05/22 01:52:51 [notice] 30#30: exiting
2025/05/22 01:52:51 [notice] 28#28: gracefully shutting down
2025/05/22 01:52:51 [notice] 32#32: exiting
2025/05/22 01:52:51 [notice] 28#28: exiting
2025/05/22 01:52:51 [notice] 32#32: exit
2025/05/22 01:52:51 [notice] 29#29: gracefully shutting down
2025/05/22 01:52:51 [notice] 34#34: gracefully shutting down
2025/05/22 01:52:51 [notice] 33#33: gracefully shutting down
2025/05/22 01:52:51 [notice] 34#34: exiting
2025/05/22 01:52:51 [notice] 34#34: exit
2025/05/22 01:52:51 [notice] 35#35: exiting
2025/05/22 01:52:51 [notice] 35#35: exit
2025/05/22 01:52:51 [notice] 31#31: exit
2025/05/22 01:52:51 [notice] 30#30: exit
2025/05/22 01:52:51 [notice] 28#28: exit
2025/05/22 01:52:51 [notice] 29#29: exiting
2025/05/22 01:52:51 [notice] 29#29: exit
2025/05/22 01:52:51 [notice] 33#33: exiting
2025/05/22 01:52:51 [notice] 33#33: exit
2025/05/22 01:52:51 [notice] 1#1: signal 17 (SIGCHLD) received from 31
2025/05/22 01:52:51 [notice] 1#1: worker process 31 exited with code 0
2025/05/22 01:52:51 [notice] 1#1: signal 29 (SIGIO) received
2025/05/22 01:52:51 [notice] 1#1: signal 17 (SIGCHLD) received from 34
2025/05/22 01:52:51 [notice] 1#1: worker process 28 exited with code 0
2025/05/22 01:52:51 [notice] 1#1: worker process 34 exited with code 0
2025/05/22 01:52:51 [notice] 1#1: signal 29 (SIGIO) received
2025/05/22 01:52:51 [notice] 1#1: signal 17 (SIGCHLD) received from 30
2025/05/22 01:52:51 [notice] 1#1: worker process 30 exited with code 0
2025/05/22 01:52:51 [notice] 1#1: worker process 29 exited with code 0
2025/05/22 01:52:51 [notice] 1#1: worker process 33 exited with code 0
2025/05/22 01:52:51 [notice] 1#1: worker process 35 exited with code 0
2025/05/22 01:52:51 [notice] 1#1: signal 29 (SIGIO) received
2025/05/22 01:52:51 [notice] 1#1: signal 17 (SIGCHLD) received from 35
2025/05/22 01:52:51 [notice] 1#1: signal 17 (SIGCHLD) received from 32
2025/05/22 01:52:51 [notice] 1#1: worker process 32 exited with code 0
2025/05/22 01:52:51 [notice] 1#1: exit
2025/05/22 17:52:41 [notice] 1#1: using the "epoll" event method
2025/05/22 17:52:41 [notice] 1#1: nginx/1.27.2
2025/05/22 17:52:41 [notice] 1#1: built by gcc 12.2.0 (Debian 12.2.0-14) 
2025/05/22 17:52:41 [notice] 1#1: OS: Linux 6.10.14-linuxkit
2025/05/22 17:52:41 [notice] 1#1: getrlimit(RLIMIT_NOFILE): 1048576:1048576
2025/05/22 17:52:41 [notice] 1#1: start worker processes
2025/05/22 17:52:41 [notice] 1#1: start worker process 28
2025/05/22 17:52:41 [notice] 1#1: start worker process 29
2025/05/22 17:52:41 [notice] 1#1: start worker process 30
2025/05/22 17:52:41 [notice] 1#1: start worker process 31
2025/05/22 17:52:41 [notice] 1#1: start worker process 32
2025/05/22 17:52:41 [notice] 1#1: start worker process 33
2025/05/22 17:52:41 [notice] 1#1: start worker process 34
2025/05/22 17:52:41 [notice] 1#1: start worker process 35
2025/05/30 02:08:27 [error] 28#28: *2 open() "/var/www/html/care-plan/2080/edit" failed (2: No such file or directory), client: 172.20.0.1, server: localhost, request: "GET /care-plan/2080/edit HTTP/1.1", host: "127.0.0.1"
2025/05/30 02:08:27 [error] 28#28: *2 open() "/var/www/html/.well-known/appspecific/com.chrome.devtools.json" failed (2: No such file or directory), client: 172.20.0.1, server: localhost, request: "GET /.well-known/appspecific/com.chrome.devtools.json HTTP/1.1", host: "127.0.0.1"
2025/05/30 02:08:27 [error] 28#28: *2 open() "/var/www/html/favicon.ico" failed (2: No such file or directory), client: 172.20.0.1, server: localhost, request: "GET /favicon.ico HTTP/1.1", host: "127.0.0.1", referrer: "http://127.0.0.1/care-plan/2080/edit"
2025/06/02 07:43:38 [error] 29#29: *3 open() "/var/www/html/wp-content/uploads/2022/08/ad-750.png" failed (2: No such file or directory), client: 172.20.0.1, server: localhost, request: "GET /wp-content/uploads/2022/08/ad-750.png HTTP/1.1", host: "localhost"
2025/06/02 07:44:37 [error] 33#33: *5 open() "/var/www/html/wp-content/uploads/2022/08/ad-750.png" failed (2: No such file or directory), client: 172.20.0.1, server: localhost, request: "GET /wp-content/uploads/2022/08/ad-750.png HTTP/1.1", host: "localhost"
2025/06/04 01:36:43 [error] 35#35: *8 open() "/var/www/html/favicon.ico" failed (2: No such file or directory), client: 172.20.0.1, server: localhost, request: "GET /favicon.ico HTTP/1.1", host: "localhost", referrer: "http://localhost/"
2025/06/14 03:36:12 [notice] 1#1: using the "epoll" event method
2025/06/14 03:36:12 [notice] 1#1: nginx/1.27.2
2025/06/14 03:36:12 [notice] 1#1: built by gcc 12.2.0 (Debian 12.2.0-14) 
2025/06/14 03:36:12 [notice] 1#1: OS: Linux 6.10.14-linuxkit
2025/06/14 03:36:12 [notice] 1#1: getrlimit(RLIMIT_NOFILE): 1048576:1048576
2025/06/14 03:36:12 [notice] 1#1: start worker processes
2025/06/14 03:36:12 [notice] 1#1: start worker process 27
2025/06/14 03:36:12 [notice] 1#1: start worker process 28
2025/06/14 03:36:12 [notice] 1#1: start worker process 29
2025/06/14 03:36:12 [notice] 1#1: start worker process 30
2025/06/14 03:36:12 [notice] 1#1: start worker process 31
2025/06/14 03:36:12 [notice] 1#1: start worker process 32
2025/06/14 03:36:12 [notice] 1#1: start worker process 33
2025/06/14 03:36:12 [notice] 1#1: start worker process 34
2025/06/18 04:27:41 [error] 29#29: *3 open() "/var/www/html/WSD/DEVICE" failed (2: No such file or directory), client: 172.20.0.1, server: localhost, request: "POST /WSD/DEVICE HTTP/1.1", host: "192.168.0.124"
2025/06/21 20:12:52 [notice] 1#1: signal 3 (SIGQUIT) received, shutting down
2025/06/21 20:12:52 [notice] 29#29: gracefully shutting down
2025/06/21 20:12:52 [notice] 28#28: gracefully shutting down
2025/06/21 20:12:52 [notice] 27#27: gracefully shutting down
2025/06/21 20:12:52 [notice] 28#28: exiting
2025/06/21 20:12:52 [notice] 27#27: exiting
2025/06/21 20:12:52 [notice] 33#33: gracefully shutting down
2025/06/21 20:12:52 [notice] 31#31: gracefully shutting down
2025/06/21 20:12:52 [notice] 30#30: gracefully shutting down
2025/06/21 20:12:52 [notice] 30#30: exiting
2025/06/21 20:12:52 [notice] 34#34: gracefully shutting down
2025/06/21 20:12:52 [notice] 32#32: gracefully shutting down
2025/06/21 20:12:52 [notice] 28#28: exit
2025/06/21 20:12:52 [notice] 32#32: exiting
2025/06/21 20:12:52 [notice] 27#27: exit
2025/06/21 20:12:52 [notice] 31#31: exiting
2025/06/21 20:12:52 [notice] 29#29: exiting
2025/06/21 20:12:52 [notice] 29#29: exit
2025/06/21 20:12:52 [notice] 30#30: exit
2025/06/21 20:12:52 [notice] 34#34: exiting
2025/06/21 20:12:52 [notice] 34#34: exit
2025/06/21 20:12:52 [notice] 33#33: exiting
2025/06/21 20:12:52 [notice] 33#33: exit
2025/06/21 20:12:52 [notice] 31#31: exit
2025/06/21 20:12:52 [notice] 32#32: exit
2025/06/21 20:12:54 [notice] 1#1: signal 17 (SIGCHLD) received from 34
2025/06/21 20:12:54 [notice] 1#1: worker process 33 exited with code 0
2025/06/21 20:12:54 [notice] 1#1: worker process 30 exited with code 0
2025/06/21 20:12:54 [notice] 1#1: worker process 31 exited with code 0
2025/06/21 20:12:54 [notice] 1#1: worker process 34 exited with code 0
2025/06/21 20:12:54 [notice] 1#1: signal 29 (SIGIO) received
2025/06/21 20:12:54 [notice] 1#1: signal 17 (SIGCHLD) received from 30
2025/06/21 20:12:54 [notice] 1#1: signal 17 (SIGCHLD) received from 29
2025/06/21 20:12:54 [notice] 1#1: worker process 27 exited with code 0
2025/06/21 20:12:54 [notice] 1#1: worker process 29 exited with code 0
2025/06/21 20:12:54 [notice] 1#1: signal 29 (SIGIO) received
2025/06/21 20:12:54 [notice] 1#1: signal 17 (SIGCHLD) received from 28
2025/06/21 20:12:54 [notice] 1#1: worker process 28 exited with code 0
2025/06/21 20:12:54 [notice] 1#1: signal 29 (SIGIO) received
2025/06/21 20:12:54 [notice] 1#1: signal 17 (SIGCHLD) received from 32
2025/06/21 20:12:54 [notice] 1#1: worker process 32 exited with code 0
2025/06/21 20:12:54 [notice] 1#1: exit
2025/06/26 01:41:00 [notice] 1#1: using the "epoll" event method
2025/06/26 01:41:00 [notice] 1#1: nginx/1.27.2
2025/06/26 01:41:00 [notice] 1#1: built by gcc 12.2.0 (Debian 12.2.0-14) 
2025/06/26 01:41:00 [notice] 1#1: OS: Linux 6.10.14-linuxkit
2025/06/26 01:41:00 [notice] 1#1: getrlimit(RLIMIT_NOFILE): 1048576:1048576
2025/06/26 01:41:00 [notice] 1#1: start worker processes
2025/06/26 01:41:00 [notice] 1#1: start worker process 28
2025/06/26 01:41:00 [notice] 1#1: start worker process 29
2025/06/26 01:41:00 [notice] 1#1: start worker process 30
2025/06/26 01:41:00 [notice] 1#1: start worker process 31
2025/06/26 01:41:00 [notice] 1#1: start worker process 32
2025/06/26 01:41:00 [notice] 1#1: start worker process 33
2025/06/26 01:41:00 [notice] 1#1: start worker process 34
2025/06/26 01:41:00 [notice] 1#1: start worker process 35
2025/07/09 07:16:39 [notice] 1#1: signal 3 (SIGQUIT) received, shutting down
2025/07/09 07:16:39 [notice] 32#32: gracefully shutting down
2025/07/09 07:16:39 [notice] 34#34: gracefully shutting down
2025/07/09 07:16:39 [notice] 28#28: gracefully shutting down
2025/07/09 07:16:39 [notice] 34#34: exiting
2025/07/09 07:16:39 [notice] 32#32: exiting
2025/07/09 07:16:39 [notice] 29#29: gracefully shutting down
2025/07/09 07:16:39 [notice] 34#34: exit
2025/07/09 07:16:39 [notice] 31#31: gracefully shutting down
2025/07/09 07:16:39 [notice] 31#31: exiting
2025/07/09 07:16:39 [notice] 30#30: gracefully shutting down
2025/07/09 07:16:39 [notice] 30#30: exiting
2025/07/09 07:16:39 [notice] 35#35: gracefully shutting down
2025/07/09 07:16:39 [notice] 35#35: exiting
2025/07/09 07:16:39 [notice] 33#33: gracefully shutting down
2025/07/09 07:16:39 [notice] 33#33: exiting
2025/07/09 07:16:39 [notice] 28#28: exiting
2025/07/09 07:16:39 [notice] 28#28: exit
2025/07/09 07:16:39 [notice] 35#35: exit
2025/07/09 07:16:39 [notice] 32#32: exit
2025/07/09 07:16:39 [notice] 29#29: exiting
2025/07/09 07:16:39 [notice] 31#31: exit
2025/07/09 07:16:39 [notice] 30#30: exit
2025/07/09 07:16:39 [notice] 29#29: exit
2025/07/09 07:16:39 [notice] 33#33: exit
2025/07/09 07:16:39 [notice] 1#1: signal 17 (SIGCHLD) received from 32
2025/07/09 07:16:39 [notice] 1#1: worker process 28 exited with code 0
2025/07/09 07:16:39 [notice] 1#1: worker process 29 exited with code 0
2025/07/09 07:16:39 [notice] 1#1: worker process 30 exited with code 0
2025/07/09 07:16:39 [notice] 1#1: worker process 31 exited with code 0
2025/07/09 07:16:39 [notice] 1#1: worker process 32 exited with code 0
2025/07/09 07:16:39 [notice] 1#1: worker process 33 exited with code 0
2025/07/09 07:16:39 [notice] 1#1: worker process 34 exited with code 0
2025/07/09 07:16:39 [notice] 1#1: worker process 35 exited with code 0
2025/07/09 07:16:39 [notice] 1#1: exit
2025/07/09 07:21:44 [notice] 1#1: using the "epoll" event method
2025/07/09 07:21:44 [notice] 1#1: nginx/1.27.2
2025/07/09 07:21:44 [notice] 1#1: built by gcc 12.2.0 (Debian 12.2.0-14) 
2025/07/09 07:21:44 [notice] 1#1: OS: Linux 6.10.14-linuxkit
2025/07/09 07:21:44 [notice] 1#1: getrlimit(RLIMIT_NOFILE): 1048576:1048576
2025/07/09 07:21:44 [notice] 1#1: start worker processes
2025/07/09 07:21:44 [notice] 1#1: start worker process 27
2025/07/09 07:21:44 [notice] 1#1: start worker process 28
2025/07/09 07:21:44 [notice] 1#1: start worker process 29
2025/07/09 07:21:44 [notice] 1#1: start worker process 30
2025/07/09 07:21:44 [notice] 1#1: start worker process 31
2025/07/09 07:21:44 [notice] 1#1: start worker process 32
2025/07/09 07:21:44 [notice] 1#1: start worker process 33
2025/07/09 07:21:44 [notice] 1#1: start worker process 34
2025/07/09 07:21:50 [error] 31#31: *6 open() "/var/www/html/hiscnf/images/webicons.png" failed (2: No such file or directory), client: 172.20.0.1, server: localhost, request: "GET /hiscnf/images/webicons.png HTTP/1.1", host: "localhost", referrer: "http://localhost/hisv2/login.php"
2025/07/09 07:22:40 [error] 31#31: *6 open() "/var/www/html/favicon.ico" failed (2: No such file or directory), client: 172.20.0.1, server: localhost, request: "GET /favicon.ico HTTP/1.1", host: "localhost", referrer: "http://localhost/phpinfo.php"
2025/07/09 07:24:51 [notice] 1#1: signal 3 (SIGQUIT) received, shutting down
2025/07/09 07:24:51 [notice] 28#28: gracefully shutting down
2025/07/09 07:24:51 [notice] 27#27: gracefully shutting down
2025/07/09 07:24:51 [notice] 29#29: gracefully shutting down
2025/07/09 07:24:51 [notice] 30#30: gracefully shutting down
2025/07/09 07:24:51 [notice] 31#31: gracefully shutting down
2025/07/09 07:24:51 [notice] 34#34: gracefully shutting down
2025/07/09 07:24:51 [notice] 33#33: gracefully shutting down
2025/07/09 07:24:51 [notice] 31#31: exiting
2025/07/09 07:24:51 [notice] 33#33: exiting
2025/07/09 07:24:51 [notice] 28#28: exiting
2025/07/09 07:24:51 [notice] 32#32: gracefully shutting down
2025/07/09 07:24:51 [notice] 29#29: exiting
2025/07/09 07:24:51 [notice] 29#29: exit
2025/07/09 07:24:51 [notice] 34#34: exiting
2025/07/09 07:24:51 [notice] 27#27: exiting
2025/07/09 07:24:51 [notice] 30#30: exiting
2025/07/09 07:24:51 [notice] 33#33: exit
2025/07/09 07:24:51 [notice] 28#28: exit
2025/07/09 07:24:51 [notice] 34#34: exit
2025/07/09 07:24:51 [notice] 32#32: exiting
2025/07/09 07:24:51 [notice] 31#31: exit
2025/07/09 07:24:51 [notice] 32#32: exit
2025/07/09 07:24:51 [notice] 27#27: exit
2025/07/09 07:24:51 [notice] 30#30: exit
2025/07/09 07:24:51 [notice] 1#1: signal 17 (SIGCHLD) received from 33
2025/07/09 07:24:51 [notice] 1#1: worker process 33 exited with code 0
2025/07/09 07:24:51 [notice] 1#1: signal 29 (SIGIO) received
2025/07/09 07:24:51 [notice] 1#1: signal 17 (SIGCHLD) received from 34
2025/07/09 07:24:51 [notice] 1#1: worker process 31 exited with code 0
2025/07/09 07:24:51 [notice] 1#1: worker process 34 exited with code 0
2025/07/09 07:24:51 [notice] 1#1: signal 29 (SIGIO) received
2025/07/09 07:24:51 [notice] 1#1: signal 17 (SIGCHLD) received from 29
2025/07/09 07:24:51 [notice] 1#1: worker process 29 exited with code 0
2025/07/09 07:24:51 [notice] 1#1: signal 29 (SIGIO) received
2025/07/09 07:24:51 [notice] 1#1: signal 17 (SIGCHLD) received from 32
2025/07/09 07:24:51 [notice] 1#1: worker process 27 exited with code 0
2025/07/09 07:24:51 [notice] 1#1: worker process 28 exited with code 0
2025/07/09 07:24:51 [notice] 1#1: worker process 30 exited with code 0
2025/07/09 07:24:51 [notice] 1#1: worker process 32 exited with code 0
2025/07/09 07:24:51 [notice] 1#1: exit
2025/07/09 07:24:55 [notice] 1#1: using the "epoll" event method
2025/07/09 07:24:55 [notice] 1#1: nginx/1.27.2
2025/07/09 07:24:55 [notice] 1#1: built by gcc 12.2.0 (Debian 12.2.0-14) 
2025/07/09 07:24:55 [notice] 1#1: OS: Linux 6.10.14-linuxkit
2025/07/09 07:24:55 [notice] 1#1: getrlimit(RLIMIT_NOFILE): 1048576:1048576
2025/07/09 07:24:55 [notice] 1#1: start worker processes
2025/07/09 07:24:55 [notice] 1#1: start worker process 28
2025/07/09 07:24:55 [notice] 1#1: start worker process 29
2025/07/09 07:24:55 [notice] 1#1: start worker process 30
2025/07/09 07:24:55 [notice] 1#1: start worker process 31
2025/07/09 07:24:55 [notice] 1#1: start worker process 32
2025/07/09 07:24:55 [notice] 1#1: start worker process 33
2025/07/09 07:24:55 [notice] 1#1: start worker process 34
2025/07/09 07:24:55 [notice] 1#1: start worker process 35
2025/07/09 07:27:03 [error] 30#30: *6 open() "/var/www/html/.well-known/appspecific/com.chrome.devtools.json" failed (2: No such file or directory), client: 172.20.0.1, server: localhost, request: "GET /.well-known/appspecific/com.chrome.devtools.json HTTP/1.1", host: "localhost"
2025/07/09 07:27:03 [error] 30#30: *6 FastCGI sent in stderr: "Primary script unknown" while reading response header from upstream, client: 172.20.0.1, server: localhost, request: "GET /hisv2/login/vendor/bootstrap/js/login.php HTTP/1.1", upstream: "fastcgi://172.20.0.5:9000", host: "localhost"
2025/07/09 08:29:21 [error] 30#30: *316 open() "/var/www/html/favicon.ico" failed (2: No such file or directory), client: 172.20.0.1, server: localhost, request: "GET /favicon.ico HTTP/1.1", host: "rajif---kuli.local", referrer: "http://rajif---kuli.local/"
2025/07/09 08:31:53 [notice] 1#1: signal 3 (SIGQUIT) received, shutting down
2025/07/09 08:31:53 [notice] 32#32: gracefully shutting down
2025/07/09 08:31:53 [notice] 30#30: gracefully shutting down
2025/07/09 08:31:53 [notice] 28#28: gracefully shutting down
2025/07/09 08:31:53 [notice] 35#35: gracefully shutting down
2025/07/09 08:31:53 [notice] 35#35: exiting
2025/07/09 08:31:53 [notice] 29#29: gracefully shutting down
2025/07/09 08:31:53 [notice] 32#32: exiting
2025/07/09 08:31:53 [notice] 30#30: exiting
2025/07/09 08:31:53 [notice] 28#28: exiting
2025/07/09 08:31:53 [notice] 34#34: gracefully shutting down
2025/07/09 08:31:53 [notice] 35#35: exit
2025/07/09 08:31:53 [notice] 34#34: exiting
2025/07/09 08:31:53 [notice] 31#31: gracefully shutting down
2025/07/09 08:31:53 [notice] 33#33: gracefully shutting down
2025/07/09 08:31:53 [notice] 29#29: exiting
2025/07/09 08:31:53 [notice] 33#33: exiting
2025/07/09 08:31:53 [notice] 32#32: exit
2025/07/09 08:31:53 [notice] 30#30: exit
2025/07/09 08:31:53 [notice] 28#28: exit
2025/07/09 08:31:53 [notice] 34#34: exit
2025/07/09 08:31:53 [notice] 31#31: exiting
2025/07/09 08:31:53 [notice] 31#31: exit
2025/07/09 08:31:53 [notice] 29#29: exit
2025/07/09 08:31:53 [notice] 33#33: exit
2025/07/09 08:31:53 [notice] 1#1: signal 17 (SIGCHLD) received from 35
2025/07/09 08:31:53 [notice] 1#1: worker process 28 exited with code 0
2025/07/09 08:31:53 [notice] 1#1: worker process 29 exited with code 0
2025/07/09 08:31:53 [notice] 1#1: worker process 31 exited with code 0
2025/07/09 08:31:53 [notice] 1#1: worker process 32 exited with code 0
2025/07/09 08:31:53 [notice] 1#1: worker process 33 exited with code 0
2025/07/09 08:31:53 [notice] 1#1: worker process 35 exited with code 0
2025/07/09 08:31:53 [notice] 1#1: signal 29 (SIGIO) received
2025/07/09 08:31:53 [notice] 1#1: signal 17 (SIGCHLD) received from 33
2025/07/09 08:31:53 [notice] 1#1: signal 17 (SIGCHLD) received from 34
2025/07/09 08:31:53 [notice] 1#1: worker process 30 exited with code 0
2025/07/09 08:31:53 [notice] 1#1: worker process 34 exited with code 0
2025/07/09 08:31:53 [notice] 1#1: exit
2025/07/09 08:37:19 [notice] 1#1: using the "epoll" event method
2025/07/09 08:37:19 [notice] 1#1: nginx/1.27.2
2025/07/09 08:37:19 [notice] 1#1: built by gcc 12.2.0 (Debian 12.2.0-14) 
2025/07/09 08:37:19 [notice] 1#1: OS: Linux 6.10.14-linuxkit
2025/07/09 08:37:19 [notice] 1#1: getrlimit(RLIMIT_NOFILE): 1048576:1048576
2025/07/09 08:37:19 [notice] 1#1: start worker processes
2025/07/09 08:37:19 [notice] 1#1: start worker process 27
2025/07/09 08:37:19 [notice] 1#1: start worker process 28
2025/07/09 08:37:19 [notice] 1#1: start worker process 29
2025/07/09 08:37:19 [notice] 1#1: start worker process 30
2025/07/09 08:37:19 [notice] 1#1: start worker process 31
2025/07/09 08:37:19 [notice] 1#1: start worker process 32
2025/07/09 08:37:19 [notice] 1#1: start worker process 33
2025/07/09 08:37:19 [notice] 1#1: start worker process 34
2025/07/09 09:00:59 [notice] 1#1: signal 3 (SIGQUIT) received, shutting down
2025/07/09 09:00:59 [notice] 30#30: gracefully shutting down
2025/07/09 09:00:59 [notice] 32#32: gracefully shutting down
2025/07/09 09:00:59 [notice] 27#27: gracefully shutting down
2025/07/09 09:00:59 [notice] 28#28: gracefully shutting down
2025/07/09 09:00:59 [notice] 29#29: gracefully shutting down
2025/07/09 09:00:59 [notice] 28#28: exiting
2025/07/09 09:00:59 [notice] 34#34: gracefully shutting down
2025/07/09 09:00:59 [notice] 33#33: gracefully shutting down
2025/07/09 09:00:59 [notice] 31#31: gracefully shutting down
2025/07/09 09:00:59 [notice] 30#30: exiting
2025/07/09 09:00:59 [notice] 28#28: exit
2025/07/09 09:00:59 [notice] 29#29: exiting
2025/07/09 09:00:59 [notice] 27#27: exiting
2025/07/09 09:00:59 [notice] 32#32: exiting
2025/07/09 09:00:59 [notice] 32#32: exit
2025/07/09 09:00:59 [notice] 34#34: exiting
2025/07/09 09:00:59 [notice] 33#33: exiting
2025/07/09 09:00:59 [notice] 31#31: exiting
2025/07/09 09:00:59 [notice] 30#30: exit
2025/07/09 09:00:59 [notice] 29#29: exit
2025/07/09 09:00:59 [notice] 27#27: exit
2025/07/09 09:00:59 [notice] 34#34: exit
2025/07/09 09:00:59 [notice] 33#33: exit
2025/07/09 09:00:59 [notice] 31#31: exit
2025/07/09 09:00:59 [notice] 1#1: signal 17 (SIGCHLD) received from 30
2025/07/09 09:00:59 [notice] 1#1: worker process 27 exited with code 0
2025/07/09 09:00:59 [notice] 1#1: worker process 28 exited with code 0
2025/07/09 09:00:59 [notice] 1#1: worker process 30 exited with code 0
2025/07/09 09:00:59 [notice] 1#1: worker process 33 exited with code 0
2025/07/09 09:00:59 [notice] 1#1: signal 29 (SIGIO) received
2025/07/09 09:00:59 [notice] 1#1: signal 17 (SIGCHLD) received from 34
2025/07/09 09:00:59 [notice] 1#1: worker process 29 exited with code 0
2025/07/09 09:00:59 [notice] 1#1: worker process 31 exited with code 0
2025/07/09 09:00:59 [notice] 1#1: worker process 32 exited with code 0
2025/07/09 09:00:59 [notice] 1#1: worker process 34 exited with code 0
2025/07/09 09:00:59 [notice] 1#1: exit
2025/07/09 09:08:29 [notice] 1#1: using the "epoll" event method
2025/07/09 09:08:29 [notice] 1#1: nginx/1.27.2
2025/07/09 09:08:29 [notice] 1#1: built by gcc 12.2.0 (Debian 12.2.0-14) 
2025/07/09 09:08:29 [notice] 1#1: OS: Linux 6.10.14-linuxkit
2025/07/09 09:08:29 [notice] 1#1: getrlimit(RLIMIT_NOFILE): 1048576:1048576
2025/07/09 09:08:29 [notice] 1#1: start worker processes
2025/07/09 09:08:29 [notice] 1#1: start worker process 28
2025/07/09 09:08:29 [notice] 1#1: start worker process 29
2025/07/09 09:08:29 [notice] 1#1: start worker process 30
2025/07/09 09:08:29 [notice] 1#1: start worker process 31
2025/07/09 09:08:29 [notice] 1#1: start worker process 32
2025/07/09 09:08:29 [notice] 1#1: start worker process 33
2025/07/09 09:08:29 [notice] 1#1: start worker process 34
2025/07/09 09:08:29 [notice] 1#1: start worker process 35
